"","game_str","play_id","timestamp","ball_position_x","ball_position_y","ball_position_z","Season","HomeTeam","AwayTeam","Day","pitch_time","exchange_time","pop_time"
"1","1883_001_Vis4AB_Home4A",96,3256402,1.035687,-7.86312,2.237673,"Season_1883","Home4A","Vis4AB","day_001",0.5,0.55,1.75
"2","1883_006_Vis4AC_Home4A",19,525021,0.01579857,-6.37677,0.862311,"Season_1883","Home4A","Vis4AC","day_006",0.5,0.6,1.85
"3","1883_009_Vis4AD_Home4A",25,757690,0.865539,-3.55728,-1.41582,"Season_1883","Home4A","Vis4AD","day_009",0.5,0.7,1.85
"4","1883_016_Vis3AC_Home3A",86,3098405,-16.665,-29.709,-0.1905,"Season_1883","Home3A","Vis3AC","day_016",0.55,3.85,4.55
"5","1883_019_Vis4AF_Home4A",231,7700634,-1.032573,-5.5779,1.162017,"Season_1883","Home4A","Vis4AF","day_019",0.5,0.65,1.85
"6","1883_019_Vis4AF_Home4A",27,905084,1.254939,-4.85214,0.371895,"Season_1883","Home4A","Vis4AF","day_019",0.5,0.7,1.9
"7","1883_021_Vis1AG_Home1A",225,8111040,-9.111,2.8233,-0.0417,"Season_1883","Home1A","Vis1AG","day_021",0.55,1.5,2.25
"8","1883_021_Vis1AG_Home1A",234,8450090,-0.2098521,-5.9856,-0.381906,"Season_1883","Home1A","Vis1AG","day_021",0.6,0.75,1.55
"9","1883_024_Vis4AG_Home4A",122,5682239,0.0986802,-5.89218,0.835827,"Season_1883","Home4A","Vis4AG","day_024",0.5,1.55,2.75
"10","1883_025_Vis4AG_Home4A",129,3902667,-0.680265,-6.02364,2.360895,"Season_1883","Home4A","Vis4AG","day_025",0.45,0.65,1.85
"11","1883_030_Vis4AH_Home4A",162,5109807,-0.362628,-6.43356,2.716815,"Season_1883","Home4A","Vis4AH","day_030",0.5,0.6,1.9
"12","1883_032_Vis1AH_Home1A",28,924783,0.149985,-4.36188,1.404459,"Season_1883","Home1A","Vis1AH","day_032",0.5,0.7,2.05
"13","1883_035_Vis2AC_Home2A",117,4044486,0.991893,-3.36567,-0.314598,"Season_1883","Home2A","Vis2AC","day_035",0.55,0.75,1.95
"14","1883_036_Vis2AC_Home2A",80,2457113,-1.081122,-1.725138,1.139265,"Season_1883","Home2A","Vis2AC","day_036",0.5,0.65,1.85
"15","1883_036_Vis2AC_Home2A",99,3236313,0.69426,-7.12815,-0.076134,"Season_1883","Home2A","Vis2AC","day_036",0.55,0.8,2
"16","1883_037_Vis2AC_Home2A",34,906375,0.917943,-5.62359,1.318941,"Season_1883","Home2A","Vis2AC","day_037",0.561,0.693,1.881
"17","1883_039_Vis3AE_Home3A",64,1640222,-8.7414,0.699,-0.1167,"Season_1883","Home3A","Vis3AE","day_039",0.5,1.7,2.4
"18","1883_039_Vis4AI_Home4A",135,4309665,-0.498759,-4.04925,1.98537,"Season_1883","Home4A","Vis4AI","day_039",0.5,0.6,1.75
"19","1883_039_Vis4AI_Home4A",141,4579815,0.756144,-2.089293,1.250754,"Season_1883","Home4A","Vis4AI","day_039",0.55,0.55,1.35
"20","1883_039_Vis4AI_Home4A",196,6535915,0.385647,-4.03164,-0.1913277,"Season_1883","Home4A","Vis4AI","day_039",0.5,0.7,1.85
"21","1883_039_Vis4AI_Home4A",71,2336715,-1.213068,-5.64069,0.791139,"Season_1883","Home4A","Vis4AI","day_039",0.45,0.7,1.95
"22","1883_043_Vis3AF_Home3A",33,876452,-1.504257,-7.1574,2.497137,"Season_1883","Home3A","Vis3AF","day_043",0.5,0.65,1.9
"23","1883_043_Vis3AF_Home3A",65,1910057,-1.496169,-7.55859,2.101125,"Season_1883","Home3A","Vis3AF","day_043",0.5,0.55,1.75
"24","1883_043_Vis3AF_Home3A",67,2115607,0.648408,-4.13067,1.637802,"Season_1883","Home3A","Vis3AF","day_043",0.45,0.6,1.8
"25","1883_045_Vis3AF_Home3A",123,4099431,-1.148304,-5.51463,4.26861,"Season_1883","Home3A","Vis3AF","day_045",0.5,0.6,1.9
"26","1883_045_Vis3AF_Home3A",196,6589731,0.591639,-5.08722,2.717853,"Season_1883","Home3A","Vis3AF","day_045",0.45,0.7,1.95
"27","1883_046_Vis2AE_Home2A",6,134967,-1.798032,-6.09285,2.319294,"Season_1883","Home2A","Vis2AE","day_046",0.495,0.792,2.079
"28","1883_047_Vis2AE_Home2A",189,6549170,-0.703161,-7.78872,3.19635,"Season_1883","Home2A","Vis2AE","day_047",0.495,0.66,1.881
"29","1883_047_Vis2AE_Home2A",90,3112348,0.355497,-5.04081,1.79322,"Season_1883","Home2A","Vis2AE","day_047",0.561,0.627,1.782
"30","1883_048_Vis1AJ_Home1A",173,5315839,0.311415,-3.81765,1.673049,"Season_1883","Home1A","Vis1AJ","day_048",0.45,0.65,1.9
"31","1883_048_Vis1AJ_Home1A",41,1211889,-0.974019,-3.35298,1.638669,"Season_1883","Home1A","Vis1AJ","day_048",0.5,0.65,1.95
"32","1884_001_Vis4AK_Home4A",166,5349144,-0.658167,-2.804175,1.564251,"Season_1884","Home4A","Vis4AK","day_001",0.5,0.75,2.15
"33","1884_002_Vis3AG_Home3A",249,10084582,2.121948,-4.79799,0.777828,"Season_1884","Home3A","Vis3AG","day_002",0.55,0.8,1.7
"34","1884_002_Vis4AK_Home4A",96,3294003,-0.343041,-3.74808,0.682182,"Season_1884","Home4A","Vis4AK","day_002",0.5,0.8,1.95
"35","1884_004_Vis3AG_Home3A",218,7119301,1.24248,-6.91194,-0.00460512,"Season_1884","Home3A","Vis3AG","day_004",0.561,0.627,1.98
"36","1884_004_Vis4AK_Home4A",164,5612269,0.982251,-4.55172,2.124339,"Season_1884","Home4A","Vis4AK","day_004",0.45,0.65,1.9
"37","1884_005_Vis4AL_Home4A",236,7102196,-1.887966,-3.42564,0.878403,"Season_1884","Home4A","Vis4AL","day_005",0.5,0.65,1.6
"38","1884_005_Vis4AL_Home4A",285,9124212,0.0795183,-2.823147,1.867311,"Season_1884","Home4A","Vis4AL","day_005",0.45,0.7,2
"39","1884_006_Vis4AL_Home4A",190,6066072,-0.921165,-3.46515,1.065402,"Season_1884","Home4A","Vis4AL","day_006",0.495,0.528,1.815
"40","1884_006_Vis4AL_Home4A",224,7187743,1.504668,-2.60973,0.728823,"Season_1884","Home4A","Vis4AL","day_006",0.495,0.528,1.782
"41","1884_006_Vis4AL_Home4A",280,9092670,1.343592,-3.84864,-1.068258,"Season_1884","Home4A","Vis4AL","day_006",0.495,2.211,3.399
"42","1884_008_Vis1AK_Home1A",101,3529276,-0.400677,-6.43737,2.246373,"Season_1884","Home1A","Vis1AK","day_008",0.5,0.65,1.6
"43","1884_008_Vis1AK_Home1A",98,3459876,-0.652746,-6.81624,0.608805,"Season_1884","Home1A","Vis1AK","day_008",0.55,0.75,2.05
"44","1884_009.5_Vis1AK_Home1A",65,1892848,-0.273186,-6.77109,-0.172305,"Season_1884","Home1A","Vis1AK","day_009.5",0.55,0.7,1.9
"45","1884_010_Vis2AF_Home2A",89,2979514,-0.703215,-4.62501,2.259786,"Season_1884","Home2A","Vis2AF","day_010",0.5,0.65,1.55
"46","1884_010_Vis3AH_Home3A",276,9041731,1.69635,-2.394684,0.635691,"Season_1884","Home3A","Vis3AH","day_010",0.5,0.8,1.65
"47","1884_011_Vis3AH_Home3A",48,1365382,0.92205,-7.35051,-0.272058,"Season_1884","Home3A","Vis3AH","day_011",0.6,2.9,3.75
"48","1884_012_Vis3AH_Home3A",173,6007482,2.091123,-5.88216,2.473284,"Season_1884","Home3A","Vis3AH","day_012",0.5,0.6,1.9
"49","1884_012_Vis3AH_Home3A",198,6769332,0.511011,-1.982829,1.427832,"Season_1884","Home3A","Vis3AH","day_012",0.55,0.75,2
"50","1884_012_Vis3AH_Home3A",22,621532,0.645837,-2.431671,1.517691,"Season_1884","Home3A","Vis3AH","day_012",0.45,0.7,2
"51","1884_014_Vis2AG_Home2A",45,1287685,0.1693824,-9.71163,2.4093,"Season_1884","Home2A","Vis2AG","day_014",0.5,0.6,2
"52","1884_014_Vis4AM_Home4A",207,6938941,-1.337721,-5.47446,0.0379317,"Season_1884","Home4A","Vis4AM","day_014",0.45,0.8,2
"53","1884_014_Vis4AM_Home4A",286,9714291,1.41657,-5.18034,1.05225,"Season_1884","Home4A","Vis4AM","day_014",0.5,0.8,2
"54","1884_015_Vis4AM_Home4A",126,3943325,0.2868192,-7.06119,0.0692298,"Season_1884","Home4A","Vis4AM","day_015",0.5,0.75,2
"55","1884_015_Vis4AM_Home4A",41,1177175,1.286184,-1.999134,1.383915,"Season_1884","Home4A","Vis4AM","day_015",0.45,0.65,1.9
"56","1884_015_Vis4AM_Home4A",5,112725,-1.473126,-5.80071,2.003148,"Season_1884","Home4A","Vis4AM","day_015",0.5,0.65,1.9
"57","1884_015_Vis4AM_Home4A",92,2895175,-1.784577,-7.60944,3.15654,"Season_1884","Home4A","Vis4AM","day_015",0.5,0.6,1.9
"58","1884_016_Vis4AN_Home4A",231,8400885,1.13982,-7.05489,1.347504,"Season_1884","Home4A","Vis4AN","day_016",0.6,0.8,2
"59","1884_016_Vis4AN_Home4A",86,3087335,0.645498,-6.96345,-0.336738,"Season_1884","Home4A","Vis4AN","day_016",0.5,0.75,1.6
"60","1884_017.5_Vis1AL_Home1A",23,657225,-1.765683,-7.07067,-0.0896862,"Season_1884","Home1A","Vis1AL","day_017.5",0.495,0.825,2.046
"61","1884_017_Vis1AL_Home1A",7,203220,2.186427,-5.77839,-0.0933198,"Season_1884","Home1A","Vis1AL","day_017",0.495,1.617,2.805
"62","1884_017_Vis4AN_Home4A",58,1579274,-0.914925,-3.95034,3.27699,"Season_1884","Home4A","Vis4AN","day_017",0.55,0.75,1.95
"63","1884_018_Vis1AL_Home1A",184,6221125,1.005717,-8.82219,-0.305574,"Season_1884","Home1A","Vis1AL","day_018",0.55,0.9,2.15
"64","1884_018_Vis4AN_Home4A",146,4912228,0.2780898,-8.01819,0.1577703,"Season_1884","Home4A","Vis4AN","day_018",0.5,0.8,1.95
"65","1884_018_Vis4AN_Home4A",156,5221628,-0.751359,-3.37224,2.419113,"Season_1884","Home4A","Vis4AN","day_018",0.45,0.8,2.05
"66","1884_018_Vis4AN_Home4A",22,801390,1.322364,-5.80587,1.063866,"Season_1884","Home4A","Vis4AN","day_018",0.45,0.6,1.85
"67","1884_019_Vis3AI_Home3A",100,3415293,-0.371325,-5.27271,1.76373,"Season_1884","Home3A","Vis3AI","day_019",0.55,0.75,2.05
"68","1884_021_Vis3AI_Home3A",82,2577823,-1.470636,-6.54936,3.90027,"Season_1884","Home3A","Vis3AI","day_021",0.5,0.75,2.05
"69","1884_022_Vis1AM_Home1A",104,3241584,-0.42888,-6.40149,3.5787,"Season_1884","Home1A","Vis1AM","day_022",0.495,0.627,1.848
"70","1884_022_Vis3AI_Home3A",243,7571597,-0.0431292,-4.85691,0.333393,"Season_1884","Home3A","Vis3AI","day_022",0.528,0.726,1.65
"71","1884_022_Vis3AI_Home3A",267,8350101,7.3206,-21.4473,-0.168,"Season_1884","Home3A","Vis3AI","day_022",0.462,2.838,3.993
"72","1884_023_Vis3AI_Home3A",175,6612552,-0.2291598,-5.78058,0.2827902,"Season_1884","Home3A","Vis3AI","day_023",0.528,0.693,2.013
"73","1884_024_Vis2AH_Home2A",102,3330527,-0.2764245,-4.99497,1.527117,"Season_1884","Home2A","Vis2AH","day_024",0.5,0.85,2.15
"74","1884_024_Vis2AH_Home2A",207,6787077,1.48467,-5.95545,0.914061,"Season_1884","Home2A","Vis2AH","day_024",0.5,0.65,1.6
"75","1884_025_Vis2AH_Home2A",54,1605372,-0.068847,-5.77359,3.39912,"Season_1884","Home2A","Vis2AH","day_025",0.6,0.6,1.85
"76","1884_025_Vis2AH_Home2A",86,2670222,0.714141,-8.1744,0.556902,"Season_1884","Home2A","Vis2AH","day_025",0.55,0.65,1.95
"77","1884_026_Vis2AH_Home2A",74,2343225,-0.868572,-3.97203,2.000946,"Season_1884","Home2A","Vis2AH","day_026",0.5,0.65,1.95
"78","1884_026_Vis4AO_Home4A",110,3945348,0.452355,-2.637573,1.891239,"Season_1884","Home4A","Vis4AO","day_026",0.5,0.75,1.55
"79","1884_027_Vis2AI_Home2A",128,3910767,0.88734,-4.21872,0.0440751,"Season_1884","Home2A","Vis2AI","day_027",0.45,1.1,2.75
"80","1884_027_Vis2AI_Home2A",150,4670567,-2.148828,-3.5883,1.265859,"Season_1884","Home2A","Vis2AI","day_027",0.55,0.7,1.6
"81","1884_027_Vis2AI_Home2A",180,5701367,4.77015,-3.71439,2.242956,"Season_1884","Home2A","Vis2AI","day_027",0.5,0.65,1.8
"82","1884_027_Vis2AI_Home2A",4,88367,0.1335522,-2.893905,2.949057,"Season_1884","Home2A","Vis2AI","day_027",0.45,0.7,1.95
"83","1884_030_Vis1AN_Home1A",107,3329946,0.303972,-3.71766,1.521504,"Season_1884","Home1A","Vis1AN","day_030",0.45,0.6,1.45
"84","1884_030_Vis1AN_Home1A",32,894445,-1.271202,-5.68689,1.900392,"Season_1884","Home1A","Vis1AN","day_030",0.5,0.65,1.8
"85","1884_031_Vis1AN_Home1A",132,4419440,1.45731,-5.91762,0.948429,"Season_1884","Home1A","Vis1AN","day_031",0.5,0.7,1.9
"86","1884_031_Vis3AJ_Home3A",259,8541454,1.066866,-4.07742,0.322347,"Season_1884","Home3A","Vis3AJ","day_031",0.561,0.561,1.881
"87","1884_031_Vis3AJ_Home3A",284,9423644,0.555183,-3.64986,3.63471,"Season_1884","Home3A","Vis3AJ","day_031",0.495,0.627,1.914
"88","1884_031_Vis3AJ_Home3A",301,10020317,-0.709041,-7.44519,1.905666,"Season_1884","Home3A","Vis3AJ","day_031",0.495,0.594,1.881
"89","1884_031_Vis4AP_Home4A",148,6813573,0.521475,-3.15747,3.41154,"Season_1884","Home4A","Vis4AP","day_031",0.429,0.726,1.914
"90","1884_032_Vis1AN_Home1A",166,5698891,1.116213,-6.27552,1.842831,"Season_1884","Home1A","Vis1AN","day_032",0.594,0.693,1.881
"91","1884_032_Vis1AN_Home1A",286,9862208,-0.01728525,-5.95473,1.997025,"Season_1884","Home1A","Vis1AN","day_032",0.462,0.693,1.65
"92","1884_033_Vis1AO_Home1A",166,6416729,1.745343,-8.20311,1.17888,"Season_1884","Home1A","Vis1AO","day_033",0.5,0.75,1.95
"93","1884_033_Vis3AJ_Home3A",204,6281435,-2.561331,-6.64461,1.798608,"Season_1884","Home3A","Vis3AJ","day_033",0.5,0.55,1.45
"94","1884_033_Vis4AP_Home4A",141,4397963,0.2691252,-7.47486,0.00433815,"Season_1884","Home4A","Vis4AP","day_033",0.5,0.6,1.9
"95","1884_034_Vis1AO_Home1A",127,4454754,-0.62562,-6.84687,0.1897839,"Season_1884","Home1A","Vis1AO","day_034",0.6,1.75,2.6
"96","1884_035_Vis1AO_Home1A",78,2571433,0.383112,-3.45261,3.64833,"Season_1884","Home1A","Vis1AO","day_035",0.45,0.7,1.6
"97","1884_036_Vis3AK_Home3A",181,6228490,-1.548024,-4.42251,1.623012,"Season_1884","Home3A","Vis3AK","day_036",0.462,0.693,1.914
"98","1884_036_Vis3AK_Home3A",204,6875026,-0.481488,-3.50163,1.502949,"Season_1884","Home3A","Vis3AK","day_036",0.528,0.693,2.112
"99","1884_036_Vis3AK_Home3A",38,1484966,-0.993258,-4.52157,1.971705,"Season_1884","Home3A","Vis3AK","day_036",0.462,0.66,2.046
"100","1884_037_Vis3AK_Home3A",131,4449627,-23.9706,0.6729,-0.114,"Season_1884","Home3A","Vis3AK","day_037",0.6,2.4,3
"101","1884_037_Vis3AK_Home3A",246,8081077,-2.580888,-3.37311,-1.761189,"Season_1884","Home3A","Vis3AK","day_037",0.5,2.05,2.85
"102","1884_038_Vis2AJ_Home2A",67,1967238,-0.392289,-6.60951,3.05328,"Season_1884","Home2A","Vis2AJ","day_038",0.5,0.65,1.5
"103","1884_038_Vis3AK_Home3A",114,3575558,0.785166,-3.46263,3.90828,"Season_1884","Home3A","Vis3AK","day_038",0.45,0.6,1.85
"104","1884_038_Vis3AK_Home3A",169,5556908,0.856293,-5.04468,-1.163295,"Season_1884","Home3A","Vis3AK","day_038",0.5,2.6,3.75
"105","1884_038_Vis3AK_Home3A",55,1798058,-0.863043,-3.90867,2.509551,"Season_1884","Home3A","Vis3AK","day_038",0.5,0.65,1.9
"106","1884_038_Vis3AK_Home3A",75,2469508,0.1863609,-10.35072,0.752538,"Season_1884","Home3A","Vis3AK","day_038",0.55,0.65,1.85
"107","1884_039_Vis2AJ_Home2A",110,4153288,0.1842936,-5.55354,-0.2604879,"Season_1884","Home2A","Vis2AJ","day_039",0.45,0.8,2.05
"108","1884_039_Vis4AQ_Home4A",264,87170918,7.8972,-5.5563,-0.0561,"Season_1884","Home4A","Vis4AQ","day_039",0.45,1.6,2.1
"109","1884_039_Vis4AQ_Home4A",83,2401268,1.464222,-7.01739,1.382904,"Season_1884","Home4A","Vis4AQ","day_039",0.5,0.65,1.95
"110","1884_039_Vis4AQ_Home4A",96,3331818,0.1969701,-6.27927,1.517898,"Season_1884","Home4A","Vis4AQ","day_039",0.5,0.7,1.9
"111","1884_040_Vis4AQ_Home4A",119,3273563,-1.097565,-7.54305,1.687113,"Season_1884","Home4A","Vis4AQ","day_040",0.5,0.5,1.7
"112","1884_040_Vis4AQ_Home4A",197,5699622,-0.323589,-5.78943,3.28281,"Season_1884","Home4A","Vis4AQ","day_040",0.45,0.6,1.85
"113","1884_041_Vis2AK_Home2A",181,5650953,-2.147208,-3.37593,1.827645,"Season_1884","Home2A","Vis2AK","day_041",0.45,0.75,2
"114","1884_041_Vis4AR_Home4A",190,6444208,-0.628869,-3.1905,2.116629,"Season_1884","Home4A","Vis4AR","day_041",0.45,0.7,1.95
"115","1884_041_Vis4AR_Home4A",259,8893258,1.104165,-2.227104,1.240275,"Season_1884","Home4A","Vis4AR","day_041",0.45,0.8,2
"116","1884_041_Vis4AR_Home4A",32,1012108,-0.54387,-3.13629,1.13892,"Season_1884","Home4A","Vis4AR","day_041",0.45,0.7,1.55
"117","1884_041_Vis4AR_Home4A",49,1537508,-0.0962172,-2.344392,1.354401,"Season_1884","Home4A","Vis4AR","day_041",0.45,0.8,2.15
"118","1884_043_Vis2AK_Home2A",103,2919312,-1.279284,-4.57287,0.972099,"Season_1884","Home2A","Vis2AK","day_043",0.429,0.693,2.013
"119","1884_043_Vis2AK_Home2A",34,810385,0.719022,-4.8144,1.892727,"Season_1884","Home2A","Vis2AK","day_043",0.462,0.66,1.947
"120","1884_043_Vis2AK_Home2A",9,140517,-1.011027,-4.71231,2.178627,"Season_1884","Home2A","Vis2AK","day_043",0.462,0.627,1.914
"121","1884_043_Vis2AK_Home2A",98,2781141,-0.1557078,-4.44165,1.341933,"Season_1884","Home2A","Vis2AK","day_043",0.462,0.66,1.947
"122","1884_043_Vis4AR_Home4A",139,4349091,0.1510536,-5.78067,2.189142,"Season_1884","Home4A","Vis4AR","day_043",0.5,0.7,2
"123","1884_044.5_Vis1AP_Home1A",17,655041,0.1647753,-4.61865,1.54794,"Season_1884","Home1A","Vis1AP","day_044.5",0.5,0.65,1.55
"124","1884_044.5_Vis1AP_Home1A",2,60591,-1.46634,-6.73389,3.27933,"Season_1884","Home1A","Vis1AP","day_044.5",0.5,0.7,1.9
"125","1884_044.5_Vis1AP_Home1A",96,3568045,0.760512,-4.43373,2.076777,"Season_1884","Home1A","Vis1AP","day_044.5",0.55,0.85,2.1
"126","1884_045_Vis1AP_Home1A",25,718156,-0.967674,-4.8819,3.01038,"Season_1884","Home1A","Vis1AP","day_045",0.45,0.7,2.05
"127","1884_046_Vis1AP_Home1A",146,4675430,0.668214,-7.79535,3.60831,"Season_1884","Home1A","Vis1AP","day_046",0.5,0.6,1.95
"128","1884_048_Vis1AQ_Home1A",135,4334521,-0.9804,1.1082,-0.0168,"Season_1884","Home1A","Vis1AQ","day_048",0.6,0.95,1.75
"129","1884_049_Vis1AQ_Home1A",41,1308012,1.080618,-6.88515,1.63752,"Season_1884","Home1A","Vis1AQ","day_049",0.5,0.8,1.95
"130","1884_050_Vis1AQ_Home1A",129,4322434,1.007325,-5.64261,0.816369,"Season_1884","Home1A","Vis1AQ","day_050",0.528,0.693,2.013
"131","1884_051_Vis3AL_Home3A",104,3007476,-1.125168,-4.45455,3.20031,"Season_1884","Home3A","Vis3AL","day_051",0.5,0.9,2.05
"132","1884_051_Vis3AL_Home3A",258,8706943,-0.656043,-4.64961,0.863256,"Season_1884","Home3A","Vis3AL","day_051",0.5,0.7,1.5
"133","1884_051_Vis3AL_Home3A",60,1532926,0.953289,-3.22293,0.575511,"Season_1884","Home3A","Vis3AL","day_051",0.55,0.75,1.95
"134","1884_051_Vis4AS_Home4A",32,936244,0.1507326,-7.10715,-0.83901,"Season_1884","Home4A","Vis4AS","day_051",0.6,0.7,2
"135","1884_054_Vis4AT_Home4A",141,4774242,-0.480801,-5.33094,-1.117725,"Season_1884","Home4A","Vis4AT","day_054",0.5,0.8,2
"136","1884_054_Vis4AT_Home4A",164,5585392,0.328482,-6.87357,1.449183,"Season_1884","Home4A","Vis4AT","day_054",0.5,0.65,1.9
"137","1884_054_Vis4AT_Home4A",40,1314562,-0.488382,-2.859666,0.892965,"Season_1884","Home4A","Vis4AT","day_054",0.5,1,2.3
"138","1884_055_Vis4AT_Home4A",101,3080688,-1.368522,-2.251965,2.724879,"Season_1884","Home4A","Vis4AT","day_055",0.45,0.75,1.9
"139","1884_056_Vis1AR_Home1A",100,3368019,0.670647,-5.80179,1.596633,"Season_1884","Home1A","Vis1AR","day_056",0.561,0.627,1.815
"140","1884_056_Vis1AR_Home1A",192,6485631,-1.772028,-5.27175,-0.75759,"Season_1884","Home1A","Vis1AR","day_056",0.594,2.475,3.333
"141","1884_056_Vis1AR_Home1A",76,2676536,-1.00569,-7.5129,1.37562,"Season_1884","Home1A","Vis1AR","day_056",0.495,0.726,1.947
"142","1884_057_Vis2AL_Home2A",251,8113324,0.849693,-0.9771,-0.2396463,"Season_1884","Home2A","Vis2AL","day_057",0.55,0.75,1.65
"143","1884_058_Vis2AL_Home2A",210,6870714,-1.363659,-5.11017,0.667065,"Season_1884","Home2A","Vis2AL","day_058",0.5,0.7,1.85
"144","1884_059_Vis1AS_Home1A",183,6360523,1.525902,-7.52943,1.529427,"Season_1884","Home1A","Vis1AS","day_059",0.5,0.9,2.15
"145","1884_059_Vis1AS_Home1A",202,7050223,-0.644868,-8.09535,1.699086,"Season_1884","Home1A","Vis1AS","day_059",0.45,1.05,1.9
"146","1884_059_Vis1AS_Home1A",239,8252173,0.947058,-4.70055,3.49737,"Season_1884","Home1A","Vis1AS","day_059",0.45,0.65,1.9
"147","1884_059_Vis1AS_Home1A",91,3079470,1.697538,-7.85781,1.292556,"Season_1884","Home1A","Vis1AS","day_059",0.55,0.6,1.9
"148","1884_060_Vis1AS_Home1A",17,453425,1.40109,-6.15609,0.861729,"Season_1884","Home1A","Vis1AS","day_060",0.55,0.7,1.95
"149","1884_060_Vis1AS_Home1A",46,1427425,1.162839,-4.50657,0.950538,"Season_1884","Home1A","Vis1AS","day_060",0.45,0.75,1.9
"150","1884_060_Vis1AS_Home1A",98,3668008,-0.568935,-5.49864,0.931827,"Season_1884","Home1A","Vis1AS","day_060",0.5,0.7,2
"151","1884_060_Vis2AL_Home2A",151,4613933,1.184097,-6.6687,1.635144,"Season_1884","Home2A","Vis2AL","day_060",0.55,0.8,2.05
"152","1884_062_Vis2AM_Home2A",54,1500509,-1.601088,-3.31224,0.680772,"Season_1884","Home2A","Vis2AM","day_062",0.5,0.7,2
"153","1884_063_Vis2AM_Home2A",154,5185965,-0.488982,-3.87015,2.156664,"Season_1884","Home2A","Vis2AM","day_063",0.462,0.66,1.848
"154","1884_063_Vis3AM_Home3A",146,4762081,0.61599,-5.98224,1.350849,"Season_1884","Home3A","Vis3AM","day_063",0.45,0.65,1.95
"155","1884_063_Vis3AM_Home3A",60,2172531,-0.377145,-7.10805,-1.147095,"Season_1884","Home3A","Vis3AM","day_063",0.5,0.7,1.55
"156","1884_064_Vis3AM_Home3A",48,1169824,0.865452,-6.22338,2.571864,"Season_1884","Home3A","Vis3AM","day_064",0.5,0.55,1.8
"157","1884_065_Vis1AT_Home1A",21,550218,1.191198,-4.20969,0.778263,"Season_1884","Home1A","Vis1AT","day_065",0.55,0.75,2
"158","1884_066_Vis1AT_Home1A",118,4386827,-0.0457074,-4.43385,2.157912,"Season_1884","Home1A","Vis1AT","day_066",0.55,0.6,1.9
"159","1884_066_Vis1AT_Home1A",97,3473127,-1.404351,-3.54831,3.18462,"Season_1884","Home1A","Vis1AT","day_066",0.55,0.6,1.85
"160","1884_067_Vis1AT_Home1A",154,5309127,-1.025631,-3.50892,2.570616,"Season_1884","Home1A","Vis1AT","day_067",0.45,0.7,2
"161","1884_067_Vis1AT_Home1A",192,6692827,-1.419564,-8.16498,4.43652,"Season_1884","Home1A","Vis1AT","day_067",0.5,0.7,1.85
"162","1884_067_Vis1AT_Home1A",228,8125127,0.864717,-7.65939,0.462558,"Season_1884","Home1A","Vis1AT","day_067",0.5,0.75,2.05
"163","1884_067_Vis1AT_Home1A",72,2632977,-0.2783676,-5.29017,2.435925,"Season_1884","Home1A","Vis1AT","day_067",0.45,0.8,1.7
"164","1884_068_Vis4AU_Home4A",16,433262,0.986166,-2.169912,1.271133,"Season_1884","Home4A","Vis4AU","day_068",0.5,0.7,2.05
"165","1884_068_Vis4AU_Home4A",242,8592162,1.445547,-3.97446,1.379211,"Season_1884","Home4A","Vis4AU","day_068",0.45,0.7,1.9
"166","1884_068_Vis4AU_Home4A",31,1053362,-1.127064,-5.69301,2.869989,"Season_1884","Home4A","Vis4AU","day_068",0.45,0.65,2
"167","1884_070_Vis4AU_Home4A",153,4502878,1.756317,-6.30003,-0.491013,"Season_1884","Home4A","Vis4AU","day_070",0.462,0.792,1.98
"168","1884_071_Vis2AN_Home2A",149,5244720,2.290296,-16.19778,0.2275266,"Season_1884","Home2A","Vis2AN","day_071",0.55,0.75,1.55
"169","1884_071_Vis2AN_Home2A",212,7485570,0.451845,-5.65212,0.803946,"Season_1884","Home2A","Vis2AN","day_071",0.6,0.6,1.8
"170","1884_074_Vis1AU_Home1A",50,1678604,0.756279,-4.25457,2.639787,"Season_1884","Home1A","Vis1AU","day_074",0.45,0.65,1.9
"171","1884_075_Vis3AN_Home3A",111,3304175,0.546564,-2.010906,1.955574,"Season_1884","Home3A","Vis3AN","day_075",0.45,0.65,1.95
"172","1884_075_Vis3AN_Home3A",155,4823025,-0.551028,-3.91797,2.011065,"Season_1884","Home3A","Vis3AN","day_075",0.55,0.65,1.5
"173","1884_075_Vis3AN_Home3A",164,5109225,0.7407,-6.64389,1.445229,"Season_1884","Home3A","Vis3AN","day_075",0.5,0.6,1.9
"174","1884_076_Vis3AN_Home3A",114,3327244,-0.894393,-4.02948,1.770801,"Season_1884","Home3A","Vis3AN","day_076",0.5,0.6,1.9
"175","1884_077_Vis1AU_Home1A",147,5970560,2.002905,-7.65015,1.992588,"Season_1884","Home1A","Vis1AU","day_077",0.495,0.693,1.98
"176","1884_077_Vis1AU_Home1A",174,7044451,0.729861,-4.01808,2.729259,"Season_1884","Home1A","Vis1AU","day_077",0.561,0.66,2.079
"177","1884_077_Vis1AU_Home1A",202,8116457,1.015332,-5.03316,3.20274,"Season_1884","Home1A","Vis1AU","day_077",0.495,0.627,1.947
"178","1884_077_Vis3AO_Home3A",15,311890,0.819579,-3.48744,1.418919,"Season_1884","Home3A","Vis3AO","day_077",0.5,0.7,1.95
"179","1884_077_Vis3AO_Home3A",173,5732640,-1.372896,-9.5673,2.262243,"Season_1884","Home3A","Vis3AO","day_077",0.5,0.5,1.4
"180","1884_077_Vis3AO_Home3A",71,2198290,-1.17012,-4.15878,3.65268,"Season_1884","Home3A","Vis3AO","day_077",0.45,0.75,1.5
"181","1884_078_Vis3AO_Home3A",101,2941828,1.176798,-5.63643,-0.397446,"Season_1884","Home3A","Vis3AO","day_078",0.5,0.8,2.1
"182","1884_078_Vis3AO_Home3A",168,4954328,0.777771,-5.96412,1.26594,"Season_1884","Home3A","Vis3AO","day_078",0.5,0.6,1.9
"183","1884_078_Vis3AO_Home3A",57,1594778,-0.2713827,-7.43694,1.798554,"Season_1884","Home3A","Vis3AO","day_078",0.45,0.7,2.05
"184","1884_078_Vis3AO_Home3A",63,1770478,-0.703503,-2.749488,2.097111,"Season_1884","Home3A","Vis3AO","day_078",0.5,0.55,1.5
"185","1884_079_Vis3AO_Home3A",134,3740509,-0.62952,-6.13359,1.64319,"Season_1884","Home3A","Vis3AO","day_079",0.5,0.55,1.85
"186","1884_079_Vis3AO_Home3A",197,5660659,-0.603915,-5.50593,2.580315,"Season_1884","Home3A","Vis3AO","day_079",0.45,0.55,1.8
"187","1884_079_Vis3AO_Home3A",233,6771109,0.636744,-7.55226,-0.426774,"Season_1884","Home3A","Vis3AO","day_079",0.55,0.65,1.9
"188","1884_079_Vis4AV_Home4A",51,1608816,-2.084574,-3.71952,2.161725,"Season_1884","Home4A","Vis4AV","day_079",0.45,0.75,2
"189","1884_080.5_Vis4AV_Home4A",163,5250991,-1.317579,-5.23284,1.596108,"Season_1884","Home4A","Vis4AV","day_080.5",0.5,0.7,1.9
"190","1884_080.5_Vis4AV_Home4A",61,1831791,-1.057098,-2.929056,1.093323,"Season_1884","Home4A","Vis4AV","day_080.5",0.45,0.65,1.95
"191","1884_082_Vis2AO_Home2A",69,1939293,0.469614,-2.783121,1.530747,"Season_1884","Home2A","Vis2AO","day_082",0.45,0.8,2.05
"192","1884_085_Vis3AP_Home3A",132,4239559,0.389868,-2.508357,2.357412,"Season_1884","Home3A","Vis3AP","day_085",0.5,0.9,2.2
"193","1884_086_Vis3AP_Home3A",12,340838,0.650571,-8.12433,2.663025,"Season_1884","Home3A","Vis3AP","day_086",0.5,0.55,1.85
"194","1884_086_Vis3AP_Home3A",23,648188,3.26142,-7.26171,2.268666,"Season_1884","Home3A","Vis3AP","day_086",0.5,0.5,1.45
"195","1884_086_Vis3AP_Home3A",57,1732488,0.0697803,-7.64037,1.065381,"Season_1884","Home3A","Vis3AP","day_086",0.5,0.65,2.05
"196","1884_086_Vis4AW_Home4A",215,7228057,-0.664311,-2.529864,1.857741,"Season_1884","Home4A","Vis4AW","day_086",0.45,0.65,1.85
"197","1884_087_Vis3AP_Home3A",192,6708696,2.698275,-4.9038,1.758288,"Season_1884","Home3A","Vis3AP","day_087",0.5,0.7,2
"198","1884_087_Vis3AP_Home3A",70,2404696,-0.591552,-4.93023,1.228692,"Season_1884","Home3A","Vis3AP","day_087",0.55,0.6,1.9
"199","1884_087_Vis4AW_Home4A",69,2188512,0.1848972,-5.71614,4.33254,"Season_1884","Home4A","Vis4AW","day_087",0.5,0.65,1.75
"200","1884_089_Vis2AP_Home2A",129,3424297,-1.771128,-3.54948,2.686497,"Season_1884","Home2A","Vis2AP","day_089",0.45,1.3,2.6
"201","1884_091_Vis1AV_Home1A",109,3817724,-1.246776,-2.528559,2.092797,"Season_1884","Home1A","Vis1AV","day_091",0.45,0.75,1.65
"202","1884_092.5_Vis2AP_Home2A",163,4902291,3.33429,-5.33913,5.42037,"Season_1884","Home2A","Vis2AP","day_092.5",0.5,0.65,1.8
"203","1884_092_Vis4AX_Home4A",244,8571511,-1.556127,-6.95232,1.901061,"Season_1884","Home4A","Vis4AX","day_092",0.5,0.6,1.8
"204","1884_093_Vis1AV_Home1A",58,1917815,-1.664952,-7.75563,2.561463,"Season_1884","Home1A","Vis1AV","day_093",0.5,0.55,1.95
"205","1884_093_Vis1AV_Home1A",90,2961665,-2.390199,-4.61685,1.234122,"Season_1884","Home1A","Vis1AV","day_093",0.55,0.6,1.85
"206","1884_093_Vis4AX_Home4A",110,3716460,0.866535,-3.40653,-0.486609,"Season_1884","Home4A","Vis4AX","day_093",0.55,0.7,2.05
"207","1884_093_Vis4AX_Home4A",54,1727198,-0.408414,-4.37745,1.848423,"Season_1884","Home4A","Vis4AX","day_093",0.5,0.65,2
"208","1884_094_Vis1AW_Home1A",223,8183641,1.329366,-8.26293,0.1576587,"Season_1884","Home1A","Vis1AW","day_094",0.5,0.8,2.05
"209","1884_094_Vis1AW_Home1A",60,2112655,0.660738,-5.77113,2.879286,"Season_1884","Home1A","Vis1AW","day_094",0.5,0.65,1.85
"210","1884_096_Vis1AW_Home1A",166,6324727,-1.349253,-4.12785,2.983998,"Season_1884","Home1A","Vis1AW","day_096",0.495,0.693,1.881
"211","1884_096_Vis1AW_Home1A",227,8759580,1.478031,-4.64154,2.595411,"Season_1884","Home1A","Vis1AW","day_096",0.462,0.561,1.914
"212","1884_099_Vis3AQ_Home3A",205,6159891,-1.946562,-4.88073,0.1196919,"Season_1884","Home3A","Vis3AQ","day_099",0.6,0.8,2.05
"213","1884_099_Vis3AQ_Home3A",244,7550141,0.66057,-5.49465,2.123433,"Season_1884","Home3A","Vis3AQ","day_099",0.45,0.65,1.95
"214","1884_100_Vis3AQ_Home3A",126,3879556,-1.693296,-2.619852,2.579643,"Season_1884","Home3A","Vis3AQ","day_100",0.45,0.7,1.95
"215","1884_101_Vis3AQ_Home3A",8,177725,-15.6087,6.3984,-0.0798,"Season_1884","Home3A","Vis3AQ","day_101",0.55,2.1,2.7
"216","1884_102_Vis4AY_Home4A",212,6682448,0.2094357,-4.74726,3.13824,"Season_1884","Home4A","Vis4AY","day_102",0.45,0.65,1.85
"217","1884_103_Vis1AX_Home1A",156,5279056,0.682506,-4.99398,1.700979,"Season_1884","Home1A","Vis1AX","day_103",0.45,0.65,1.95
"218","1884_104_Vis1AX_Home1A",199,8138078,0.91677,-7.89447,-1.56093,"Season_1884","Home1A","Vis1AX","day_104",0.55,0.8,1.95
"219","1884_105_Vis1AX_Home1A",121,4432419,0.749052,-2.829711,1.596936,"Season_1884","Home1A","Vis1AX","day_105",0.55,0.7,1.95
"220","1884_105_Vis1AX_Home1A",18,710019,1.75212,-7.50267,-0.2464806,"Season_1884","Home1A","Vis1AX","day_105",0.6,0.7,1.6
"221","1884_105_Vis1AX_Home1A",24,866369,1.227249,-6.45717,0.907137,"Season_1884","Home1A","Vis1AX","day_105",0.5,0.7,2
"222","1884_105_Vis4AZ_Home4A",14,338276,-0.311823,-3.75702,3.10146,"Season_1884","Home4A","Vis4AZ","day_105",0.45,0.55,1.4
"223","1884_105_Vis4AZ_Home4A",183,6038329,-0.589917,-6.8826,2.37318,"Season_1884","Home4A","Vis4AZ","day_105",0.5,0.65,1.8
"224","1884_105_Vis4AZ_Home4A",196,6533779,0.446913,-2.858973,0.2157615,"Season_1884","Home4A","Vis4AZ","day_105",0.55,0.75,1.9
"225","1884_105_Vis4AZ_Home4A",291,10037929,-0.1287309,-2.918424,1.873245,"Season_1884","Home4A","Vis4AZ","day_105",0.45,0.7,1.9
"226","1884_105_Vis4AZ_Home4A",37,1078026,-14.0472,-15.5754,0,"Season_1884","Home4A","Vis4AZ","day_105",0.45,2.5,3.05
"227","1884_107_Vis1AY_Home1A",71,2595709,1.305366,-6.30669,3.41097,"Season_1884","Home1A","Vis1AY","day_107",0.561,0.627,1.914
"228","1884_107_Vis1AY_Home1A",88,3162913,0.0053724,-5.07135,3.41235,"Season_1884","Home1A","Vis1AY","day_107",0.495,0.627,2.013
"229","1884_107_Vis3AR_Home3A",146,4976034,-0.593643,-6.68877,3.03681,"Season_1884","Home3A","Vis3AR","day_107",0.5,0.6,1.8
"230","1884_107_Vis3AR_Home3A",228,7843384,0.221763,-5.31966,2.113029,"Season_1884","Home3A","Vis3AR","day_107",0.45,0.65,1.85
"231","1884_107_Vis3AR_Home3A",251,8877734,0.531315,-4.0188,0.595062,"Season_1884","Home3A","Vis3AR","day_107",0.5,0.75,1.55
"232","1884_107_Vis3AR_Home3A",33,1299484,1.301175,-4.52313,1.601997,"Season_1884","Home3A","Vis3AR","day_107",0.5,0.6,1.85
"233","1884_108_Vis1AY_Home1A",133,4744703,-0.1284666,-2.62881,1.786293,"Season_1884","Home1A","Vis1AY","day_108",0.5,1.35,2.75
"234","1884_108_Vis1AY_Home1A",55,1957753,1.560048,-7.82835,2.409924,"Season_1884","Home1A","Vis1AY","day_108",0.5,0.7,1.85
"235","1884_108_Vis3AR_Home3A",172,5582527,-0.814689,-4.84125,2.707899,"Season_1884","Home3A","Vis3AR","day_108",0.5,0.65,1.9
"236","1884_108_Vis3AR_Home3A",187,6242277,-0.6882,0.5298,-0.0054,"Season_1884","Home3A","Vis3AR","day_108",0.5,1.35,2.05
"237","1884_109.5_Vis2AR_Home2A",119,4161618,-1.596048,-7.74327,3.38046,"Season_1884","Home2A","Vis2AR","day_109.5",0.5,0.75,1.95
"238","1884_109_Vis1AY_Home1A",200,7837932,2.611515,-4.80015,2.119965,"Season_1884","Home1A","Vis1AY","day_109",0.462,0.99,2.244
"239","1884_109_Vis1AY_Home1A",75,2811697,0.623157,-3.90639,1.277547,"Season_1884","Home1A","Vis1AY","day_109",0.495,1.881,2.838
"240","1884_109_Vis3AR_Home3A",210,10586440,0.847314,-6.20898,0.668934,"Season_1884","Home3A","Vis3AR","day_109",0.5,1.3,2.55
"241","1884_109_Vis3AR_Home3A",291,13634240,0.504684,-4.93188,0.753546,"Season_1884","Home3A","Vis3AR","day_109",0.5,0.65,2
"242","1884_109_Vis3AR_Home3A",34,1146990,0.446592,-4.35588,-0.02115426,"Season_1884","Home3A","Vis3AR","day_109",0.5,1.85,3.2
"243","1884_112_Vis1AZ_Home1A",27,839166,1.545408,-6.38619,2.941398,"Season_1884","Home1A","Vis1AZ","day_112",0.55,0.65,1.95
"244","1884_112_Vis1AZ_Home1A",36,1187616,1.866006,-6.92016,-0.50931,"Season_1884","Home1A","Vis1AZ","day_112",0.55,0.65,2
"245","1884_112_Vis1AZ_Home1A",51,1738266,-0.891306,-2.580216,3.37158,"Season_1884","Home1A","Vis1AZ","day_112",0.45,0.75,2
"246","1884_113_Vis1AZ_Home1A",35,1317556,-0.0633201,-4.0479,3.54279,"Season_1884","Home1A","Vis1AZ","day_113",0.462,0.693,2.013
"247","1884_114_Vis1AZ_Home1A",278,10138557,1.713819,-3.44763,-0.01645896,"Season_1884","Home1A","Vis1AZ","day_114",0.495,0.693,1.98
"248","1884_114_Vis2AS_Home2A",139,3956710,0.480504,-3.36741,2.283996,"Season_1884","Home2A","Vis2AS","day_114",0.45,0.65,1.85
"249","1884_114_Vis2AS_Home2A",187,5649260,1.441353,-3.17625,-0.874857,"Season_1884","Home2A","Vis2AS","day_114",0.55,1.95,3.15
"250","1884_114_Vis2AS_Home2A",64,1702010,-0.380016,-5.04444,1.182288,"Season_1884","Home2A","Vis2AS","day_114",0.5,0.65,2
"251","1884_115_Vis2AS_Home2A",137,4315016,0.904638,-7.78335,0.1345599,"Season_1884","Home2A","Vis2AS","day_115",0.55,0.75,2
"252","1884_117_Vis2AT_Home2A",170,4901191,2.280804,-7.57305,-1.205619,"Season_1884","Home2A","Vis2AT","day_117",0.55,2.15,3.25
"253","1884_117_Vis3AS_Home3A",156,4775557,-0.120675,-5.00097,2.176002,"Season_1884","Home3A","Vis3AS","day_117",0.5,0.65,1.8
"254","1884_117_Vis3AS_Home3A",58,1913057,13.9617,-22.3467,-0.1491,"Season_1884","Home3A","Vis3AS","day_117",0.45,8.45,8.65
"255","1884_117_Vis4BA_Home4A",21,590096,-0.603204,-3.49575,2.243619,"Season_1884","Home4A","Vis4BA","day_117",0.45,0.65,1.5
"256","1884_118_Vis1BA_Home1A",18,493321,1.795224,-6.33573,2.74311,"Season_1884","Home1A","Vis1BA","day_118",0.5,0.65,1.55
"257","1884_118_Vis1BA_Home1A",236,8508471,2.126376,-6.55293,1.548963,"Season_1884","Home1A","Vis1BA","day_118",0.55,0.9,2.1
"258","1884_118_Vis1BA_Home1A",33,968521,-0.1375791,-6.20361,-0.463344,"Season_1884","Home1A","Vis1BA","day_118",0.55,0.75,2
"259","1884_118_Vis3AS_Home3A",135,4276555,0.2878095,-5.45988,0.048903,"Season_1884","Home3A","Vis3AS","day_118",0.55,0.7,1.9
"260","1884_118_Vis3AS_Home3A",145,4644805,0.169674,-8.47719,3.30003,"Season_1884","Home3A","Vis3AS","day_118",0.5,0.6,1.85
"261","1884_118_Vis3AS_Home3A",69,2198637,0.034869,-2.370804,4.19739,"Season_1884","Home3A","Vis3AS","day_118",0.45,0.7,1.55
"262","1884_118_Vis4BB_Home4A",248,8977449,0.885543,-6.17022,-1.037187,"Season_1884","Home4A","Vis4BB","day_118",0.5,1.8,3
"263","1884_118_Vis4BB_Home4A",87,2912299,0.835902,-3.59475,2.768643,"Season_1884","Home4A","Vis4BB","day_118",0.45,0.6,1.5
"264","1884_119_Vis4BB_Home4A",205,6876913,1.5408,-7.3482,-0.1815,"Season_1884","Home4A","Vis4BB","day_119",0.5,2.7,3.25
"265","1884_120_Vis2AT_Home2A",94,3361761,0.9552,-3.861,-0.0963,"Season_1884","Home2A","Vis2AT","day_120",0.462,1.353,2.079
"266","1884_122_Vis2AU_Home2A",151,4699269,0.553791,0.608409,1.071603,"Season_1884","Home2A","Vis2AU","day_122",0.45,1.1,2.4
"267","1884_122_Vis2AU_Home2A",44,1317977,-1.011291,-6.28101,0.731706,"Season_1884","Home2A","Vis2AU","day_122",0.6,0.65,1.5
"268","1884_122_Vis2AU_Home2A",88,2757719,-0.813543,-3.411,1.323897,"Season_1884","Home2A","Vis2AU","day_122",0.45,0.7,1.9
"269","1884_123_Vis3AT_Home3A",107,3213607,-0.671553,-4.67211,2.25216,"Season_1884","Home3A","Vis3AT","day_123",0.55,0.65,1.8
"270","1884_123_Vis3AT_Home3A",250,8559162,-1.181364,-4.79733,-0.700266,"Season_1884","Home3A","Vis3AT","day_123",0.55,0.75,1.8
"271","1884_124_Vis3AT_Home3A",72,2470465,-0.01217199,-5.99484,2.393781,"Season_1884","Home3A","Vis3AT","day_124",0.55,0.6,1.8
"272","1884_126_Vis4BC_Home4A",55,1590526,4.6374,-10.9626,-0.354,"Season_1884","Home4A","Vis4BC","day_126",0.5,1.85,2.55
"273","1884_128_Vis1BB_Home1A",30,1125508,1.148022,-7.02543,-0.2150769,"Season_1884","Home1A","Vis1BB","day_128",0.55,0.65,1.85
"274","1884_128_Vis3AU_Home3A",70,2227664,0.784518,-7.27395,-0.634992,"Season_1884","Home3A","Vis3AU","day_128",0.55,0.7,1.9
"275","1884_129_Vis1BB_Home1A",136,4506381,1.617195,-6.36432,0.743427,"Season_1884","Home1A","Vis1BB","day_129",0.5,0.8,2.05
"276","1884_130_Vis1BB_Home1A",41,1350051,0.56766,-5.03409,2.455323,"Season_1884","Home1A","Vis1BB","day_130",0.528,0.627,1.782
"277","1884_130_Vis3AU_Home3A",122,4122834,0.437901,-4.34274,3.55386,"Season_1884","Home3A","Vis3AU","day_130",0.45,0.6,1.9
"278","1884_130_Vis3AU_Home3A",159,5162984,1.201734,-2.811042,1.796085,"Season_1884","Home3A","Vis3AU","day_130",0.45,0.65,1.8
"279","1884_130_Vis3AU_Home3A",183,6035484,0.512481,-2.776881,1.114623,"Season_1884","Home3A","Vis3AU","day_130",0.45,0.7,1.6
"280","1884_130_Vis3AU_Home3A",242,8198234,-0.1372344,-2.479599,2.066454,"Season_1884","Home3A","Vis3AU","day_130",0.5,0.75,1.6
"281","1884_130_Vis3AU_Home3A",29,880767,-0.998643,-2.840166,3.41826,"Season_1884","Home3A","Vis3AU","day_130",0.45,0.75,1.95
"282","1884_130_Vis3AU_Home3A",79,2591592,0.2329107,-7.90149,0.658041,"Season_1884","Home3A","Vis3AU","day_130",0.55,0.75,2.05
"283","1884_131_Vis1BB_Home1A",258,9090911,1.659159,-5.55735,2.99697,"Season_1884","Home1A","Vis1BB","day_131",0.462,0.561,1.815
"284","1884_131_Vis1BB_Home1A",7,202022,-0.589611,-3.79017,2.553822,"Season_1884","Home1A","Vis1BB","day_131",0.561,0.66,1.881
"285","1884_131_Vis2AV_Home2A",179,5971157,0.582441,-7.64541,3.47637,"Season_1884","Home2A","Vis2AV","day_131",0.5,0.65,1.9
"286","1884_132_Vis2AV_Home2A",25,824890,-1.315392,-2.773554,1.023678,"Season_1884","Home2A","Vis2AV","day_132",0.5,0.8,2
"287","1884_134.5_Vis2AW_Home2A",38,1085127,0.817458,-6.44328,-0.85614,"Season_1884","Home2A","Vis2AW","day_134.5",0.55,0.95,2.25
"288","1884_134_Vis4BD_Home4A",73,2559284,-0.315387,-2.550342,2.427195,"Season_1884","Home4A","Vis4BD","day_134",0.45,1.35,2.7
"289","1884_135_Vis1BC_Home1A",135,4783968,1.164666,-5.60856,1.668435,"Season_1884","Home1A","Vis1BC","day_135",0.45,0.65,1.9
"290","1884_135_Vis2AW_Home2A",36,1057900,0.1793805,-6.36078,-0.326952,"Season_1884","Home2A","Vis2AW","day_135",0.55,0.85,2.05
"291","1884_136_Vis1BC_Home1A",167,6574932,0.470433,-7.76463,2.218614,"Season_1884","Home1A","Vis1BC","day_136",0.5,0.7,1.8
"292","1884_136_Vis1BC_Home1A",69,2369990,-0.00466182,-5.52897,0.431565,"Season_1884","Home1A","Vis1BC","day_136",0.45,0.7,1.55
"293","1884_136_Vis1BC_Home1A",86,3083740,0.02456949,-4.1835,-0.1249338,"Season_1884","Home1A","Vis1BC","day_136",0.55,0.9,1.8
"294","1884_136_Vis4BD_Home4A",14,358448,-2.526807,-3.37809,1.199763,"Season_1884","Home4A","Vis4BD","day_136",0.45,0.75,1.6
"295","1884_136_Vis4BD_Home4A",267,8768098,10.5909,-14.2359,0,"Season_1884","Home4A","Vis4BD","day_136",0.5,2.3,3.3
"296","1884_137_Vis1BC_Home1A",72,2933133,-0.2930865,-4.34706,3.00888,"Season_1884","Home1A","Vis1BC","day_137",0.561,0.66,1.881
"297","1884_138_Vis3AV_Home3A",90,2850538,1.733271,-6.52977,-0.0554766,"Season_1884","Home3A","Vis3AV","day_138",0.5,0.65,2
"298","1884_139_Vis3AV_Home3A",181,6951082,-1.053123,-4.87365,-0.02051352,"Season_1884","Home3A","Vis3AV","day_139",0.5,0.7,1.55
"299","1884_142_Vis4BE_Home4A",97,3453859,-0.864495,-5.48373,2.427297,"Season_1884","Home4A","Vis4BE","day_142",0.5,0.65,2
