"","game_str","play_id","valid_steal","first_baserunner.x","second_baserunner.x","diagonalpitch_time","diagonalexchange_time","diagonalpop_time","sb_entry_time","sb_entry_x","eb_entry_y","tb_entry_time","tb_entry_x","tb_entry_y","fb_start_time","fb_start_x","fb_start_y","sb_start_time","sb_start_x","sb_start_y","fb_leadoff","time_to_second","time_to_third","sb_leadoff"
"1","1883_001_Vis4AB_Home4A",96,0,4875,NA,0.5,0.55,1.75,3258.152,10.9968,117.6006,NA,NA,NA,3256.002,48.3741,77.391,NA,NA,NA,19.7711303624755,2.15000000000009,NA,NA
"2","1883_006_Vis4AC_Home4A",19,1,586,NA,0.5,0.6,1.85,526.721,10.5651,116.2872,NA,NA,NA,524.671,44.0079,81.6423,NA,NA,NA,25.8651445714112,2.04999999999995,NA,NA
"3","1883_009_Vis4AD_Home4A",25,1,624,NA,0.5,0.7,1.85,759.29,11.9901,118.0854,NA,NA,NA,757.34,45.8316,82.1157,NA,NA,NA,24.9371288052574,1.94999999999993,NA,NA
"4","1883_016_Vis3AC_Home3A",86,0,9195,NA,0.55,3.85,4.55,3100.005,11.2071,117.0747,NA,NA,NA,3096.855,56.706,71.2482,NA,NA,NA,9.61189800403645,3.15000000000009,NA,NA
"5","1883_019_Vis4AF_Home4A",27,1,467,636,0.5,0.7,1.9,906.884,10.791,117.582,906.334,-49.002,79.6773,904.984,44.0997,86.0991,904.734,-21.3837,107.7555,29.084921538488,1.89999999999998,1.59999999999991,28.9563244549442
"6","1883_019_Vis4AF_Home4A",231,0,8947,NA,0.5,0.65,1.85,7702.384,11.7192,117.57,NA,NA,NA,7700.284,47.1552,79.8675,NA,NA,NA,22.3887518921891,2.10000000000036,NA,NA
"7","1883_021_Vis1AG_Home1A",225,1,5062,NA,0.55,1.5,2.25,8112.69,11.1,117.0192,NA,NA,NA,8109.34,54.4881,74.5254,NA,NA,NA,13.5635828146548,3.34999999999945,NA,NA
"8","1883_021_Vis1AG_Home1A",234,0,6060,NA,0.6,0.75,1.55,NA,NA,NA,NA,NA,NA,8449.94,55.0797,73.8753,NA,NA,NA,12.6892027401252,NA,NA,NA
"9","1883_024_Vis4AG_Home4A",122,1,8370,NA,0.5,1.55,2.75,5684.739,11.2392,116.9844,NA,NA,NA,5682.089,52.5879,77.1084,NA,NA,NA,16.7702075410533,2.64999999999964,NA,NA
"10","1883_025_Vis4AG_Home4A",129,0,3326,NA,0.45,0.65,1.85,3904.717,12.1263,117.6378,NA,NA,NA,3902.367,50.0661,77.7873,NA,NA,NA,18.8876623884482,2.34999999999991,NA,NA
"11","1883_030_Vis4AH_Home4A",162,0,636,NA,0.5,0.6,1.9,5111.507,12.1752,117.9726,NA,NA,NA,5109.457,47.5674,82.4841,NA,NA,NA,24.0931165184166,2.04999999999927,NA,NA
"12","1883_032_Vis1AH_Home1A",28,1,495,NA,0.5,0.7,2.05,926.383,12.1194,117.8778,NA,NA,NA,924.433,47.2566,80.5665,NA,NA,NA,22.8322795578979,1.95000000000005,NA,NA
"13","1883_035_Vis2AC_Home2A",117,1,8585,NA,0.55,0.75,1.95,4046.236,11.7945,117.3876,NA,NA,NA,4044.086,49.1433,80.1363,NA,NA,NA,21.2761091504062,2.15000000000009,NA,NA
"14","1883_036_Vis2AC_Home2A",80,0,3282,NA,0.5,0.65,1.85,2459.063,11.7291,117.516,NA,NA,NA,2456.713,48.2742,79.1004,NA,NA,NA,21.0637100673172,2.34999999999991,NA,NA
"15","1883_036_Vis2AC_Home2A",99,0,637,NA,0.55,0.8,2,3238.413,10.8717,116.7423,NA,NA,NA,3235.863,51.3315,76.8468,NA,NA,NA,17.3478620726013,2.55000000000018,NA,NA
"16","1883_037_Vis2AC_Home2A",34,1,975,NA,0.561,0.693,1.881,907.893,10.3347,116.3772,NA,NA,NA,905.88,47.0403,80.4942,NA,NA,NA,22.9247973541752,2.01300000000003,NA,NA
"17","1883_039_Vis3AE_Home3A",64,1,5504,NA,0.5,1.7,2.4,1641.572,11.9859,117.7029,NA,NA,NA,1638.222,54.0021,75.6759,NA,NA,NA,14.7798260213035,3.34999999999991,NA,NA
"18","1883_039_Vis4AI_Home4A",71,1,634,NA,0.45,0.7,1.95,2338.215,11.7009,118.6821,NA,NA,NA,2336.415,44.8461,86.7879,NA,NA,NA,29.1601866184015,1.80000000000018,NA,NA
"19","1883_039_Vis4AI_Home4A",135,1,4264,NA,0.5,0.6,1.75,4311.165,12.0291,117.7131,NA,NA,NA,4309.315,44.7453,81.5553,NA,NA,NA,25.2791316737739,1.85000000000036,NA,NA
"20","1883_039_Vis4AI_Home4A",141,0,2318,7757,0.55,0.55,1.35,NA,NA,NA,4581.365,-59.1408,69.5625,4580.065,48.8772,83.7849,4579.465,-24.6585,106.4073,24.36357370851,NA,1.89999999999964,32.3065198921208
"21","1883_039_Vis4AI_Home4A",196,1,4264,NA,0.5,0.7,1.85,6537.415,11.5323,117.8328,NA,NA,NA,6535.565,44.5053,81.8091,NA,NA,NA,25.6283236849389,1.85000000000036,NA,NA
"22","1883_043_Vis3AF_Home3A",33,0,769,NA,0.5,0.65,1.9,NA,NA,NA,NA,NA,NA,876.052,49.0206,79.3995,NA,NA,NA,20.7898813996136,NA,NA,NA
"23","1883_043_Vis3AF_Home3A",65,0,461,NA,0.5,0.55,1.75,1911.757,10.8717,116.4093,NA,NA,NA,1909.657,49.4157,80.5581,NA,NA,NA,21.4364386524441,2.10000000000014,NA,NA
"24","1883_043_Vis3AF_Home3A",67,0,3714,NA,0.45,0.6,1.8,2117.457,11.6274,118.3362,NA,NA,NA,2115.307,45.5679,80.9277,NA,NA,NA,24.2544040887423,2.15000000000009,NA,NA
"25","1883_045_Vis3AF_Home3A",123,1,547,NA,0.5,0.6,1.9,4100.981,10.8843,116.4852,NA,NA,NA,4099.031,47.5164,81.1161,NA,NA,NA,23.0721935708333,1.94999999999982,NA,NA
"26","1883_045_Vis3AF_Home3A",196,1,786,NA,0.45,0.7,1.95,6591.431,9.8946,115.3209,NA,NA,NA,6589.381,45.3966,79.7376,NA,NA,NA,23.5457418935994,2.04999999999927,NA,NA
"27","1883_046_Vis2AE_Home2A",6,0,6824,NA,0.495,0.792,2.079,136.815,12.0408,118.2882,NA,NA,NA,134.571,51.1164,78.5382,NA,NA,NA,18.7981511910081,2.244,NA,NA
"28","1883_047_Vis2AE_Home2A",90,0,442,NA,0.561,0.627,1.782,3114.097,9.8703,120.5991,NA,NA,NA,3111.853,48.8901,81.2652,NA,NA,NA,22.3172811303259,2.24400000000014,NA,NA
"29","1883_047_Vis2AE_Home2A",189,0,651,NA,0.495,0.66,1.881,6550.82,11.0142,117.4782,NA,NA,NA,6548.741,47.5023,79.8048,NA,NA,NA,22.1051531623285,2.07899999999972,NA,NA
"30","1883_048_Vis1AJ_Home1A",41,0,9093,NA,0.5,0.65,1.95,1213.939,11.6355,116.9781,NA,NA,NA,1211.539,49.5504,78.1818,NA,NA,NA,19.5252253098396,2.40000000000009,NA,NA
"31","1883_048_Vis1AJ_Home1A",173,1,513,NA,0.45,0.65,1.9,5317.589,10.2873,116.931,NA,NA,NA,5315.539,44.7606,81.3582,NA,NA,NA,25.1289798360379,2.05000000000018,NA,NA
"32","1884_001_Vis4AK_Home4A",166,1,8115,NA,0.5,0.75,2.15,5350.894,10.8834,116.3628,NA,NA,NA,5347.144,56.3598,73.0569,NA,NA,NA,11.2857828106871,3.75,NA,NA
"33","1884_002_Vis3AG_Home3A",249,1,5395,4062,0.55,0.8,1.7,10086.582,12.5337,117.8724,10085.732,-48.1416,78.5115,10081.582,56.0085,75.2337,10081.282,-10.8987,117.7824,13.3266084184987,5,4.45000000000073,14.4563504194523
"34","1884_002_Vis4AK_Home4A",96,0,8115,NA,0.5,0.8,1.95,3295.953,11.55,116.9034,NA,NA,NA,3291.553,56.4267,73.806,NA,NA,NA,11.8832090316547,4.40000000000009,NA,NA
"35","1884_004_Vis3AG_Home3A",218,0,572,NA,0.561,0.627,1.98,7120.918,11.4327,117.2616,NA,NA,NA,7118.08,55.1148,73.56,NA,NA,NA,12.4151363681596,2.83799999999974,NA,NA
"36","1884_004_Vis4AK_Home4A",164,1,6932,NA,0.45,0.65,1.9,5613.819,10.6776,116.3481,NA,NA,NA,5611.219,54.4557,74.1543,NA,NA,NA,13.2873908266446,2.60000000000036,NA,NA
"37","1884_005_Vis4AL_Home4A",236,1,NA,636,0.5,0.65,1.6,NA,NA,NA,7103.196,-48.7977,79.2102,NA,NA,NA,7100.096,-12.999,117.8724,NA,NA,3.10000000000036,16.0460879581286
"38","1884_005_Vis4AL_Home4A",285,0,467,NA,0.45,0.7,2,9126.062,9.8268,116.7048,NA,NA,NA,9121.662,56.8452,72.0879,NA,NA,NA,10.2105311051874,4.39999999999964,NA,NA
"39","1884_006_Vis4AL_Home4A",190,0,901,NA,0.495,0.528,1.815,6067.722,10.8552,117.282,NA,NA,NA,6063.267,54.8268,72.6339,NA,NA,NA,11.8744409321029,4.45499999999993,NA,NA
"40","1884_006_Vis4AL_Home4A",224,0,586,NA,0.495,0.528,1.782,7189.327,11.0157,117.4377,NA,NA,NA,7184.971,54.1617,72.7692,NA,NA,NA,12.4181346236059,4.35600000000068,NA,NA
"41","1884_006_Vis4AL_Home4A",280,0,NA,6966,0.495,2.211,3.399,NA,NA,NA,NA,NA,NA,NA,NA,NA,9089.436,-14.1903,118.7238,NA,NA,NA,16.5702496218373
"42","1884_008_Vis1AK_Home1A",98,1,4794,NA,0.55,0.75,2.05,3461.476,9.9027,117.1773,NA,NA,NA,3459.476,46.5732,80.2584,NA,NA,NA,23.0735533631038,2,NA,NA
"43","1884_008_Vis1AK_Home1A",101,1,NA,4794,0.5,0.65,1.6,NA,NA,NA,3530.276,-48.7461,79.7514,NA,NA,NA,3528.926,-24.1188,105.2361,NA,NA,1.34999999999991,32.6749145469426
"44","1884_009.5_Vis1AK_Home1A",65,0,753,NA,0.55,0.7,1.9,1894.698,10.3704,115.7985,NA,NA,NA,1890.348,55.5438,71.9424,NA,NA,NA,10.8829203893073,4.35000000000014,NA,NA
"45","1884_010_Vis2AF_Home2A",89,1,702,471,0.5,0.65,1.55,NA,NA,NA,NA,NA,NA,2977.814,57.0309,73.1742,2976.214,-11.3061,125.0898,11.0314768027676,NA,NA,11.5162873032067
"46","1884_010_Vis3AH_Home3A",276,1,4269,3571,0.5,0.8,1.65,9046.431,11.0769,117.2247,9045.731,-48.0981,78.9306,9042.781,55.3557,77.7438,9042.481,-11.7129,117.7464,15.8463776595789,3.64999999999964,3.25,15.1023691972485
"47","1884_011_Vis3AH_Home3A",48,1,7648,7811,0.6,2.9,3.75,NA,NA,NA,1371.582,-52.4799,76.1946,1366.082,56.7066,78.6258,1365.082,-10.6038,120.2565,16.0956835580226,NA,6.5,12.7188885791959
"48","1884_012_Vis3AH_Home3A",22,0,547,NA,0.45,0.7,2,626.282,10.3119,116.6259,NA,NA,NA,623.532,54.9258,73.0758,NA,NA,NA,12.1499423570649,2.75,NA,NA
"49","1884_012_Vis3AH_Home3A",173,1,4437,NA,0.5,0.6,1.9,6011.882,10.1166,116.3673,NA,NA,NA,6009.032,55.8246,73.215,NA,NA,NA,11.7181932976035,2.84999999999945,NA,NA
"50","1884_012_Vis3AH_Home3A",198,1,475,NA,0.55,0.75,2,6774.032,11.0937,116.943,NA,NA,NA,6771.232,55.5132,73.3899,NA,NA,NA,12.0416033919906,2.80000000000018,NA,NA
"51","1884_014_Vis2AG_Home2A",45,0,6193,NA,0.5,0.6,2,1289.485,9.5322,116.6418,NA,NA,NA,1285.835,55.2633,73.1997,NA,NA,NA,12.038353831816,3.64999999999986,NA,NA
"52","1884_014_Vis4AM_Home4A",207,1,6038,NA,0.45,0.8,2,6940.591,10.0194,116.3211,NA,NA,NA,6936.941,55.0032,73.101,NA,NA,NA,12.1209908522365,3.65000000000055,NA,NA
"53","1884_014_Vis4AM_Home4A",286,1,8890,NA,0.5,0.8,2,9716.091,10.9851,117.1134,NA,NA,NA,9711.791,56.6067,73.1433,NA,NA,NA,11.2246614104836,4.30000000000109,NA,NA
"54","1884_015_Vis4AM_Home4A",5,1,6038,NA,0.5,0.65,1.9,114.275,10.2096,117.0756,NA,NA,NA,110.675,55.2726,72.5373,NA,NA,NA,11.5134721978211,3.60000000000001,NA,NA
"55","1884_015_Vis4AM_Home4A",41,0,460,NA,0.45,0.65,1.9,1179.075,10.6224,117.7857,NA,NA,NA,1174.425,56.9211,71.6262,NA,NA,NA,9.78787717791758,4.65000000000009,NA,NA
"56","1884_015_Vis4AM_Home4A",92,1,6038,NA,0.5,0.6,1.9,2896.875,10.0344,115.9104,NA,NA,NA,2893.225,55.1679,72.9201,NA,NA,NA,11.8768464846524,3.65000000000009,NA,NA
"57","1884_015_Vis4AM_Home4A",126,1,8890,NA,0.5,0.75,2,3945.325,11.7033,118.1694,NA,NA,NA,3940.275,56.8107,72.5181,NA,NA,NA,10.5879876322179,5.04999999999973,NA,NA
"58","1884_016_Vis4AN_Home4A",86,0,NA,9927,0.5,0.75,1.6,NA,NA,NA,3088.385,-47.8923,79.5618,NA,NA,NA,3084.785,-12.1293,118.4283,NA,NA,3.60000000000036,15.0157421188565
"59","1884_016_Vis4AN_Home4A",231,1,9751,NA,0.6,0.8,2,8402.535,12.3708,117.9225,NA,NA,NA,8397.535,57.1827,72.0579,NA,NA,NA,9.99959437677349,5,NA,NA
"60","1884_017.5_Vis1AL_Home1A",23,1,753,NA,0.495,0.825,2.046,658.941,10.9329,117.1728,NA,NA,NA,654.057,54.927,72.1458,NA,NA,NA,11.4418985592427,4.88400000000001,NA,NA
"61","1884_017_Vis1AL_Home1A",7,1,4997,NA,0.495,1.617,2.805,205.695,10.821,117.0402,NA,NA,NA,200.25,55.0731,73.5258,NA,NA,NA,12.4130008156771,5.44499999999999,NA,NA
"62","1884_017_Vis4AN_Home4A",58,1,337,NA,0.55,0.75,1.95,1580.874,11.2146,117.3975,NA,NA,NA,1577.424,56.6583,73.6125,NA,NA,NA,11.598158782324,3.45000000000005,NA,NA
"63","1884_018_Vis1AL_Home1A",184,1,4938,NA,0.55,0.9,2.15,6222.875,11.7906,118.6392,NA,NA,NA,6219.025,55.4268,73.1007,NA,NA,NA,11.8605697472761,3.85000000000036,NA,NA
"64","1884_018_Vis4AN_Home4A",22,0,NA,636,0.45,0.6,1.85,NA,NA,NA,NA,NA,NA,NA,NA,NA,799.59,-18.1869,123.2139,NA,NA,NA,18.6358928098441
"65","1884_018_Vis4AN_Home4A",146,0,9655,NA,0.5,0.8,1.95,4913.928,10.95,117.3891,NA,NA,NA,4910.378,54.3693,73.5822,NA,NA,NA,12.8942985590531,3.55000000000018,NA,NA
"66","1884_018_Vis4AN_Home4A",156,0,6239,NA,0.45,0.8,2.05,5223.528,10.1415,116.2272,NA,NA,NA,5220.378,57.6585,72.3324,NA,NA,NA,9.98894288751318,3.15000000000055,NA,NA
"67","1884_019_Vis3AI_Home3A",100,1,786,NA,0.55,0.75,2.05,3417.093,10.5309,115.8594,NA,NA,NA,3413.343,55.9599,70.8636,NA,NA,NA,9.79827132559617,3.75,NA,NA
"68","1884_021_Vis3AI_Home3A",82,0,719,NA,0.5,0.75,2.05,2580.123,11.7648,117.762,NA,NA,NA,2576.673,56.4996,71.8974,NA,NA,NA,10.2545560079411,3.45000000000027,NA,NA
"69","1884_022_Vis1AM_Home1A",104,1,737,NA,0.495,0.627,1.848,3243.102,10.9857,116.8056,NA,NA,NA,3238.218,56.1489,71.9058,NA,NA,NA,10.4729411747608,4.88400000000001,NA,NA
"70","1884_022_Vis3AI_Home3A",243,1,404,975,0.528,0.726,1.65,7573.247,10.7496,116.2914,7572.62,-48.2988,78.8805,7569.518,52.455,75.3825,7569.023,-10.3293,118.0392,15.5049002334746,3.72900000000027,3.59699999999975,13.8595390662893
"71","1884_022_Vis3AI_Home3A",267,0,7934,NA,0.462,2.838,3.993,8349.012,12.003,118.3731,NA,NA,NA,8346.57,50.0814,76.7232,NA,NA,NA,18.0937868949538,2.44200000000092,NA,NA
"72","1884_023_Vis3AI_Home3A",175,1,547,NA,0.528,0.693,2.013,6614.103,10.3815,116.9097,NA,NA,NA,6609.351,54.4287,73.6836,NA,NA,NA,12.9351301752244,4.75200000000041,NA,NA
"73","1884_024_Vis2AH_Home2A",102,NA,NA,NA,0.5,0.85,2.15,NA,NA,NA,NA,NA,NA,NA,NA,NA,NA,NA,NA,NA,NA,NA,NA
"74","1884_024_Vis2AH_Home2A",207,0,2702,5818,0.5,0.65,1.6,6789.027,11.0931,119.2965,6788.177,-47.547,78.8574,6785.577,56.2893,85.314,6785.127,-14.187,119.5242,22.568455474179,3.44999999999982,3.04999999999927,16.1685930940203
"75","1884_025_Vis2AH_Home2A",54,1,5088,NA,0.6,0.6,1.85,1606.922,10.4625,116.889,NA,NA,NA,1603.172,56.5905,74.6874,NA,NA,NA,12.5665889170451,3.75,NA,NA
"76","1884_025_Vis2AH_Home2A",86,1,3442,NA,0.55,0.65,1.95,2671.822,10.9365,116.8125,NA,NA,NA,2668.172,54.2715,73.4808,NA,NA,NA,12.879150472372,3.65000000000009,NA,NA
"77","1884_026_Vis2AH_Home2A",74,1,993,NA,0.5,0.65,1.95,2344.925,11.346,118.2483,NA,NA,NA,2341.375,55.0137,72.6939,NA,NA,NA,11.7992373016225,3.55000000000018,NA,NA
"78","1884_026_Vis4AO_Home4A",110,1,636,467,0.5,0.75,1.55,3947.098,11.7696,118.2732,3946.498,-48.8601,79.7289,3943.798,54.8637,73.7262,3943.398,-14.4102,117.7065,12.6993195144464,3.30000000000018,3.09999999999991,17.3004556671204
"79","1884_027_Vis2AI_Home2A",4,1,5980,NA,0.45,0.7,1.95,90.067,10.6917,116.9679,NA,NA,NA,87.217,53.5095,72.1305,NA,NA,NA,12.4242730370835,2.84999999999999,NA,NA
"80","1884_027_Vis2AI_Home2A",128,1,544,NA,0.45,1.1,2.75,3913.217,11.8167,117.9057,NA,NA,NA,3908.217,56.5971,71.7231,NA,NA,NA,10.0564207360273,5,NA,NA
"81","1884_027_Vis2AI_Home2A",150,1,NA,5980,0.55,0.7,1.6,NA,NA,NA,4671.517,-47.8125,78.9558,NA,NA,NA,4667.517,-10.7952,115.5831,NA,NA,4,15.9170918402201
"82","1884_027_Vis2AI_Home2A",180,0,5642,NA,0.5,0.65,1.8,5702.967,11.8056,117.5754,NA,NA,NA,5698.167,55.5504,74.4855,NA,NA,NA,12.9244012012162,4.79999999999927,NA,NA
"83","1884_030_Vis1AN_Home1A",32,0,NA,753,0.5,0.65,1.8,NA,NA,NA,NA,NA,NA,NA,NA,NA,NA,NA,NA,NA,NA,NA,NA
"84","1884_030_Vis1AN_Home1A",107,0,NA,626,0.45,0.6,1.45,NA,NA,NA,3331.096,-47.3337,77.6937,NA,NA,NA,3327.246,-11.997,117.105,NA,NA,3.84999999999991,15.7308179698323
"85","1884_031_Vis1AN_Home1A",132,0,435,NA,0.5,0.7,1.9,4421.44,10.5723,116.4192,NA,NA,NA,4417.69,55.3215,71.1267,NA,NA,NA,10.4276794705246,3.75,NA,NA
"86","1884_031_Vis3AJ_Home3A",259,1,786,NA,0.561,0.561,1.881,8546.173,9.846,115.9221,NA,NA,NA,8542.576,55.4463,71.4351,NA,NA,NA,10.5666106060553,3.59700000000157,NA,NA
"87","1884_031_Vis3AJ_Home3A",284,1,3534,NA,0.495,0.627,1.914,9428.132,12.2943,118.0707,NA,NA,NA,9425.096,55.9143,71.4855,NA,NA,NA,10.2948252408674,3.03600000000006,NA,NA
"88","1884_031_Vis3AJ_Home3A",301,1,975,NA,0.495,0.594,1.881,10025.036,11.4636,118.0005,NA,NA,NA,10022.165,55.4706,72.5451,NA,NA,NA,11.3949275719506,2.87099999999919,NA,NA
"89","1884_031_Vis4AP_Home4A",148,1,3424,NA,0.429,0.726,1.914,6815.058,11.175,117.21,NA,NA,NA,6810.339,55.2051,73.0368,NA,NA,NA,11.9452501124924,4.71900000000005,NA,NA
"90","1884_032_Vis1AN_Home1A",166,1,7440,NA,0.594,0.693,1.881,5703.643,10.8357,116.616,NA,NA,NA,5699.254,58.3491,71.9382,NA,NA,NA,9.31453906803766,4.38900000000012,NA,NA
"91","1884_032_Vis1AN_Home1A",286,0,877,NA,0.462,0.693,1.65,NA,NA,NA,NA,NA,NA,9863.627,60.7623,62.4696,NA,NA,NA,2.16191337708059,NA,NA,NA
"92","1884_033_Vis1AO_Home1A",166,0,NA,753,0.5,0.75,1.95,NA,NA,NA,NA,NA,NA,NA,NA,NA,6415.279,-14.8599,120.0726,NA,NA,NA,16.5155454881151
"93","1884_033_Vis3AJ_Home3A",204,1,547,404,0.5,0.55,1.45,6283.235,11.1567,117.1983,6282.435,-48.2541,78.7023,6278.485,53.7372,77.997,6278.985,-9.9297,118.9707,16.8617484514507,4.75,3.45000000000073,12.9477182769784
"94","1884_033_Vis4AP_Home4A",141,1,337,NA,0.5,0.6,1.9,4399.713,11.3268,117.7737,NA,NA,NA,4396.913,55.8132,74.1711,NA,NA,NA,12.5177333990623,2.80000000000018,NA,NA
"95","1884_034_Vis1AO_Home1A",127,0,537,NA,0.6,1.75,2.6,NA,NA,NA,NA,NA,NA,4452.654,56.0643,70.4907,NA,NA,NA,9.45444006697382,NA,NA,NA
"96","1884_035_Vis1AO_Home1A",78,0,NA,963,0.45,0.7,1.6,NA,NA,NA,2572.683,-49.3752,79.1475,NA,NA,NA,2569.183,-13.3119,116.8107,NA,NA,3.5,16.9355520754418
"97","1884_036_Vis3AK_Home3A",38,1,572,NA,0.462,0.66,2.046,1486.55,11.5299,117.4632,NA,NA,NA,1481.765,55.5027,73.3362,NA,NA,NA,12.0043521162119,4.78499999999985,NA,NA
"98","1884_036_Vis3AK_Home3A",181,0,4886,NA,0.462,0.693,1.914,6230.437,11.3532,117.2958,NA,NA,NA,6227.83,52.5336,73.3707,NA,NA,NA,13.9863031373555,2.60699999999997,NA,NA
"99","1884_036_Vis3AK_Home3A",204,1,547,NA,0.528,0.693,2.112,6876.412,10.7376,116.8899,NA,NA,NA,6872.518,54.2871,72.6876,NA,NA,NA,12.2731925826168,3.89400000000023,NA,NA
"100","1884_037_Vis3AK_Home3A",131,1,8012,8815,0.6,2.4,3,4451.027,12.0045,117.9162,4450.177,-47.9505,79.5009,4444.777,56.0961,77.6436,4445.427,-10.6005,120.3267,15.4318427989012,6.25,4.75,12.6774990096627
"101","1884_037_Vis3AK_Home3A",246,0,8012,8815,0.5,2.05,2.85,NA,NA,NA,8083.727,-50.8299,77.8578,8078.477,55.7205,77.9001,8079.227,-15.228,122.8101,15.8241332230236,NA,4.5,15.8704754185248
"102","1884_038_Vis2AJ_Home2A",67,0,798,334,0.5,0.65,1.5,1968.938,10.9428,117.2211,1968.538,-53.3793,75.3471,1965.138,53.7996,78.4275,1964.238,-9.8556,118.8996,17.1978365037582,3.80000000000018,4.29999999999995,12.9369221811063
"103","1884_038_Vis3AK_Home3A",55,0,565,NA,0.5,0.65,1.9,1799.858,10.9077,117.873,NA,NA,NA,1794.808,55.6248,73.242,NA,NA,NA,11.8563574102673,5.04999999999995,NA,NA
"104","1884_038_Vis3AK_Home3A",75,0,786,NA,0.55,0.65,1.85,2471.258,10.1568,116.2278,NA,NA,NA,2467.308,54.5745,72.036,NA,NA,NA,11.6008985104603,3.94999999999982,NA,NA
"105","1884_038_Vis3AK_Home3A",114,0,975,NA,0.45,0.6,1.85,3577.208,10.9494,117.4746,NA,NA,NA,3573.608,55.6947,72.558,NA,NA,NA,11.2666800828816,3.59999999999991,NA,NA
"106","1884_038_Vis3AK_Home3A",169,0,975,572,0.5,2.6,3.75,NA,NA,NA,5563.608,-46.911,78.1242,5554.508,52.9755,76.9683,5553.658,-12.5412,116.8737,16.4283292254569,NA,9.94999999999982,16.2964038097367
"107","1884_039_Vis2AJ_Home2A",110,1,637,NA,0.45,0.8,2.05,4155.088,10.5738,117.5322,NA,NA,NA,4150.488,55.9947,73.2891,NA,NA,NA,11.6820934296897,4.59999999999945,NA,NA
"108","1884_039_Vis4AQ_Home4A",83,0,9830,NA,0.5,0.65,1.95,2403.168,11.1594,116.7627,NA,NA,NA,2398.618,55.9185,71.5008,NA,NA,NA,10.3037740119822,4.55000000000018,NA,NA
"109","1884_039_Vis4AQ_Home4A",96,1,467,NA,0.5,0.7,1.9,3333.368,11.181,116.6589,NA,NA,NA,3329.568,56.9211,72.0624,NA,NA,NA,10.1469192846893,3.79999999999973,NA,NA
"110","1884_039_Vis4AQ_Home4A",264,1,NA,835,0.45,1.6,2.1,NA,NA,NA,87172.868,-61.3239,67.3512,NA,NA,NA,87166.268,-15.9789,122.9802,NA,NA,6.60000000000582,16.5473117227542
"111","1884_040_Vis4AQ_Home4A",119,0,427,NA,0.5,0.5,1.7,3274.913,10.5471,117.0513,NA,NA,NA,3270.713,56.4786,71.5821,NA,NA,NA,10.0151901814194,4.19999999999982,NA,NA
"112","1884_040_Vis4AQ_Home4A",197,0,868,NA,0.45,0.6,1.85,5701.172,11.8647,117.9153,NA,NA,NA,5696.672,55.7154,73.6455,NA,NA,NA,12.1339508574083,4.5,NA,NA
"113","1884_041_Vis2AK_Home2A",181,0,513,NA,0.45,0.75,2,5652.753,11.136,117.471,NA,NA,NA,5648.153,55.1925,72.6405,NA,NA,NA,11.6440609969203,4.59999999999945,NA,NA
"114","1884_041_Vis4AR_Home4A",32,1,427,636,0.45,0.7,1.55,1013.708,10.8612,117.4215,1013.208,-48.7299,79.9788,1009.058,51.7386,79.2423,1009.108,-10.2501,124.5546,18.9991504875876,4.64999999999998,4.10000000000002,10.6062413309334
"115","1884_041_Vis4AR_Home4A",49,1,5984,NA,0.45,0.8,2.15,1539.308,10.7625,117.2286,NA,NA,NA,1534.208,57.6804,70.3038,NA,NA,NA,8.27117347176324,5.09999999999991,NA,NA
"116","1884_041_Vis4AR_Home4A",190,1,868,NA,0.45,0.7,1.95,6445.808,10.5774,117.2661,NA,NA,NA,6442.008,56.3334,72.9069,NA,NA,NA,11.1756631646628,3.80000000000018,NA,NA
"117","1884_041_Vis4AR_Home4A",259,1,337,NA,0.45,0.8,2,8894.858,12.4815,117.888,NA,NA,NA,8891.308,56.5578,72.9954,NA,NA,NA,11.1261135173069,3.54999999999927,NA,NA
"118","1884_043_Vis2AK_Home2A",9,1,8698,NA,0.462,0.627,1.914,142.167,11.976,118.0776,NA,NA,NA,138.075,55.0413,72.6618,NA,NA,NA,11.7569074560447,4.09200000000001,NA,NA
"119","1884_043_Vis2AK_Home2A",34,0,495,NA,0.462,0.66,1.947,811.969,12.1251,117.666,NA,NA,NA,807.976,55.3107,73.365,NA,NA,NA,12.141595755501,3.99300000000005,NA,NA
"120","1884_043_Vis2AK_Home2A",98,0,495,NA,0.462,0.66,1.947,2782.626,11.2431,117.5694,NA,NA,NA,2778.6,55.923,72.5706,NA,NA,NA,11.1387281751554,4.02600000000029,NA,NA
"121","1884_043_Vis2AK_Home2A",103,0,NA,495,0.429,0.693,2.013,NA,NA,NA,NA,NA,NA,NA,NA,NA,2915.946,-14.8098,121.3014,NA,NA,NA,15.971031087566
"122","1884_043_Vis4AR_Home4A",139,1,2617,NA,0.5,0.7,2,4350.791,11.0217,116.7681,NA,NA,NA,4346.941,55.9098,72.7554,NA,NA,NA,11.2952239995495,3.85000000000036,NA,NA
"123","1884_044.5_Vis1AP_Home1A",2,0,2052,NA,0.5,0.7,1.9,62.391,11.6787,117.9504,NA,NA,NA,59.241,56.943,74.2671,NA,NA,NA,12.0295894946586,3.15,NA,NA
"124","1884_044.5_Vis1AP_Home1A",17,0,NA,753,0.5,0.65,1.55,NA,NA,NA,656.041,-47.5716,78.6618,NA,NA,NA,652.891,-10.3995,118.812,NA,NA,3.15000000000009,13.4110635018256
"125","1884_044.5_Vis1AP_Home1A",96,1,9878,NA,0.55,0.85,2.1,3570.145,11.5416,118.3521,NA,NA,NA,3565.895,54.2796,71.9781,NA,NA,NA,11.7652263798875,4.25,NA,NA
"126","1884_045_Vis1AP_Home1A",25,0,753,NA,0.45,0.7,2.05,719.906,10.7442,117.7416,NA,NA,NA,716.306,54.726,72.9819,NA,NA,NA,12.2047700351133,3.59999999999991,NA,NA
"127","1884_046_Vis1AP_Home1A",146,0,753,NA,0.5,0.6,1.95,4680.23,10.8033,117.3762,NA,NA,NA,4676.63,54.9552,72.1884,NA,NA,NA,11.4548119844893,3.59999999999945,NA,NA
"128","1884_048_Vis1AQ_Home1A",135,1,7895,NA,0.6,0.95,1.75,4339.321,11.0778,116.7678,NA,NA,NA,4335.071,54.6054,72.3903,NA,NA,NA,11.8390031358219,4.25,NA,NA
"129","1884_049_Vis1AQ_Home1A",41,0,6887,NA,0.5,0.8,1.95,1309.862,10.6932,117.4296,NA,NA,NA,1305.112,55.3737,73.245,NA,NA,NA,12.0077801732877,4.75,NA,NA
"130","1884_050_Vis1AQ_Home1A",129,1,630,NA,0.528,0.693,2.013,4324.117,10.662,117.3357,NA,NA,NA,4319.332,55.7079,72.2085,NA,NA,NA,10.983849537389,4.78499999999985,NA,NA
"131","1884_051_Vis3AL_Home3A",60,1,2339,NA,0.55,0.75,1.95,1534.676,10.7922,117.9354,NA,NA,NA,1531.926,54.8613,73.8225,NA,NA,NA,12.7773876805864,2.75,NA,NA
"132","1884_051_Vis3AL_Home3A",104,1,3757,NA,0.5,0.9,2.05,3009.326,11.4147,119.0316,NA,NA,NA,3005.226,54.2706,71.1552,NA,NA,NA,11.2037654116819,4.09999999999991,NA,NA
"133","1884_051_Vis3AL_Home3A",258,0,2092,3757,0.5,0.7,1.5,NA,NA,NA,8708.693,-62.1279,66.51,8707.643,54.4944,78.5418,8703.643,-12.1314,121.7646,16.9540723898419,NA,5.04999999999927,13.3263086832026
"134","1884_051_Vis4AS_Home4A",32,1,586,NA,0.6,0.7,2,937.944,9.8631,120.6588,NA,NA,NA,935.044,55.0614,72.6621,NA,NA,NA,11.7442596348173,2.89999999999998,NA,NA
"135","1884_054_Vis4AT_Home4A",40,0,NA,460,0.5,1,2.3,NA,NA,NA,NA,NA,NA,NA,NA,NA,1311.212,-10.2021,120.276,NA,NA,NA,12.374928703229
"136","1884_054_Vis4AT_Home4A",141,0,879,NA,0.5,0.8,2,NA,NA,NA,NA,NA,NA,4772.292,55.8834,73.1625,NA,NA,NA,11.6414113323944,NA,NA,NA
"137","1884_054_Vis4AT_Home4A",164,1,467,NA,0.5,0.65,1.9,NA,NA,NA,NA,NA,NA,5583.392,55.7925,74.0361,NA,NA,NA,12.4156776480384,NA,NA,NA
"138","1884_055_Vis4AT_Home4A",101,1,4553,NA,0.45,0.75,1.9,3082.288,11.4654,117.6591,NA,NA,NA,3077.488,56.1444,73.8465,NA,NA,NA,12.0660511191525,4.80000000000018,NA,NA
"139","1884_056_Vis1AR_Home1A",76,0,753,NA,0.495,0.726,1.947,2681.222,11.1852,116.6103,NA,NA,NA,2676.932,54.4854,72.9855,NA,NA,NA,12.3636935990019,4.29000000000042,NA,NA
"140","1884_056_Vis1AR_Home1A",100,1,7127,NA,0.561,0.627,1.815,3372.441,11.2947,117.2988,NA,NA,NA,3367.656,56.6442,71.5425,NA,NA,NA,9.88348257903053,4.78499999999985,NA,NA
"141","1884_056_Vis1AR_Home1A",192,0,NA,423,0.594,2.475,3.333,NA,NA,NA,6491.67,-54.6315,74.058,NA,NA,NA,6485.73,-9.8031,119.4333,NA,NA,5.94000000000051,12.5567300878851
"142","1884_057_Vis2AL_Home2A",8,0,4648,NA,0.55,0.7,1.9,171.054,12.2454,117.8187,NA,NA,NA,166.654,57.0684,73.1379,NA,NA,NA,10.9812494266363,4.40000000000001,NA,NA
"143","1884_057_Vis2AL_Home2A",251,NA,NA,NA,0.55,0.75,1.65,NA,NA,NA,NA,NA,NA,NA,NA,NA,NA,NA,NA,NA,NA,NA,NA
"144","1884_058_Vis2AL_Home2A",210,1,993,NA,0.5,0.7,1.85,6872.164,10.4322,116.8686,NA,NA,NA,6868.114,54.5991,73.3989,NA,NA,NA,12.6067796847569,4.05000000000018,NA,NA
"145","1884_059_Vis1AS_Home1A",91,0,2560,NA,0.55,0.6,1.9,3081.32,10.7763,116.541,NA,NA,NA,3077.22,55.0827,73.3734,NA,NA,NA,12.2861134151529,4.10000000000036,NA,NA
"146","1884_059_Vis1AS_Home1A",183,1,963,NA,0.5,0.9,2.15,6362.273,10.7856,117.5064,NA,NA,NA,6358.473,55.5795,73.2021,NA,NA,NA,11.8507702981705,3.80000000000018,NA,NA
"147","1884_059_Vis1AS_Home1A",202,1,NA,9919,0.45,1.05,1.9,NA,NA,NA,7051.723,-58.5183,70.0395,NA,NA,NA,7048.323,-15.5784,119.9748,NA,NA,3.39999999999964,17.2061760307164
"148","1884_059_Vis1AS_Home1A",239,1,9473,NA,0.45,0.65,1.9,8253.923,9.753,116.2935,NA,NA,NA,8250.023,55.6515,70.9242,NA,NA,NA,10.0530434143099,3.90000000000146,NA,NA
"149","1884_060_Vis1AS_Home1A",17,0,2560,NA,0.55,0.7,1.95,455.125,10.0989,116.7648,NA,NA,NA,450.625,55.4007,72.7053,NA,NA,NA,11.5638234412326,4.5,NA,NA
"150","1884_060_Vis1AS_Home1A",46,0,9473,9728,0.45,0.75,1.9,NA,NA,NA,NA,NA,NA,1426.075,56.4696,71.9862,1424.825,-18.9795,119.4567,10.3438891428708,NA,NA,20.5286493257594
"151","1884_060_Vis1AS_Home1A",98,1,892,NA,0.5,0.7,2,3669.458,10.203,116.2827,NA,NA,NA,3665.758,55.9623,72.6849,NA,NA,NA,11.2073265902266,3.70000000000027,NA,NA
"152","1884_060_Vis2AL_Home2A",151,0,615,NA,0.55,0.8,2.05,4615.783,10.0251,116.6592,NA,NA,NA,4611.533,56.2578,71.8125,NA,NA,NA,10.3324715867018,4.25,NA,NA
"153","1884_062_Vis2AM_Home2A",54,NA,NA,NA,0.5,0.7,2,NA,NA,NA,NA,NA,NA,NA,NA,NA,NA,NA,NA,NA,NA,NA,NA
"154","1884_063_Vis2AM_Home2A",154,0,471,NA,0.462,0.66,1.848,5187.648,9.9096,115.2708,NA,NA,NA,5182.599,55.5492,72.9447,NA,NA,NA,11.6623149815978,5.04899999999998,NA,NA
"155","1884_063_Vis3AM_Home3A",60,1,NA,651,0.5,0.7,1.55,NA,NA,NA,2173.681,-48.2226,79.4838,NA,NA,NA,2170.081,-12.5892,116.6481,NA,NA,3.59999999999991,16.4780233720553
"156","1884_063_Vis3AM_Home3A",146,1,4983,NA,0.45,0.65,1.95,4763.731,11.6982,117.2019,NA,NA,NA,4760.931,55.6245,72.9714,NA,NA,NA,11.6384709567022,2.80000000000018,NA,NA
"157","1884_064_Vis3AM_Home3A",48,1,3684,NA,0.5,0.55,1.8,1171.424,10.98,117.3159,NA,NA,NA,1168.574,54.8277,73.6419,NA,NA,NA,12.6544916492129,2.84999999999991,NA,NA
"158","1884_065_Vis1AT_Home1A",21,1,626,NA,0.55,0.75,2,551.768,10.6314,116.2137,NA,NA,NA,548.068,56.6604,73.0563,NA,NA,NA,11.1224264371584,3.70000000000005,NA,NA
"159","1884_066_Vis1AT_Home1A",97,0,5419,NA,0.55,0.6,1.85,3474.577,12.3315,117.8133,NA,NA,NA,3471.077,57.0351,74.655,NA,NA,NA,12.33191554504,3.5,NA,NA
"160","1884_066_Vis1AT_Home1A",118,1,7735,NA,0.55,0.6,1.9,4388.527,10.9632,117.1944,NA,NA,NA,4384.977,55.2399,73.0656,NA,NA,NA,11.9465059063309,3.55000000000018,NA,NA
"161","1884_067_Vis1AT_Home1A",72,1,NA,753,0.45,0.8,1.7,NA,NA,NA,2634.227,-47.6457,77.2974,NA,NA,NA,2631.127,-12.9276,119.406,NA,NA,3.09999999999991,15.1368001162729
"162","1884_067_Vis1AT_Home1A",154,0,423,NA,0.45,0.7,2,5310.927,10.7361,116.4687,NA,NA,NA,5306.377,55.2105,72.0066,NA,NA,NA,11.149418182578,4.54999999999927,NA,NA
"163","1884_067_Vis1AT_Home1A",192,1,753,NA,0.5,0.7,1.85,6694.477,10.2132,116.9271,NA,NA,NA,6690.777,55.8729,71.0226,NA,NA,NA,9.97436580289694,3.69999999999982,NA,NA
"164","1884_067_Vis1AT_Home1A",228,0,877,NA,0.5,0.75,2.05,8127.077,10.7181,117.2379,NA,NA,NA,8122.277,56.1234,70.8906,NA,NA,NA,9.70870145385057,4.80000000000018,NA,NA
"165","1884_068_Vis4AU_Home4A",16,1,9004,NA,0.5,0.7,2.05,434.762,12.1785,117.9267,NA,NA,NA,432.012,56.3343,74.331,NA,NA,NA,12.3816900902098,2.75,NA,NA
"166","1884_068_Vis4AU_Home4A",31,1,561,NA,0.45,0.65,2,1054.762,11.0442,118.236,NA,NA,NA,1050.812,56.7726,73.8342,NA,NA,NA,11.7323317546002,3.95000000000005,NA,NA
"167","1884_068_Vis4AU_Home4A",242,1,9004,NA,0.45,0.7,1.9,8593.762,9.8487,120.54,NA,NA,NA,8590.062,55.689,73.5294,NA,NA,NA,12.0534689347092,3.70000000000073,NA,NA
"168","1884_070_Vis4AU_Home4A",153,0,460,NA,0.462,0.792,1.98,4504.726,11.4684,117.756,NA,NA,NA,4501.822,55.3725,74.7225,NA,NA,NA,13.2200553138026,2.90399999999954,NA,NA
"169","1884_071_Vis2AN_Home2A",149,1,973,993,0.55,0.75,1.55,5250.02,12.0387,117.5028,5249.02,-48.597,78.6561,5245.42,56.5974,75.5952,5245.82,-10.1571,117.8082,13.3685567583042,4.60000000000036,3.20000000000073,13.8881847499952
"170","1884_071_Vis2AN_Home2A",212,0,4358,NA,0.6,0.6,1.8,7490.17,10.119,116.7891,NA,NA,NA,7485.67,55.7478,73.4046,NA,NA,NA,11.9174816970701,4.5,NA,NA
"171","1884_074_Vis1AU_Home1A",50,0,5554,NA,0.45,0.65,1.9,1680.304,10.7229,117.18,NA,NA,NA,1675.604,57.0024,70.1325,NA,NA,NA,8.55933280168495,4.70000000000005,NA,NA
"172","1884_075_Vis3AN_Home3A",111,0,NA,544,0.45,0.65,1.95,NA,NA,NA,NA,NA,NA,NA,NA,NA,3300.925,-10.5309,124.0293,NA,NA,NA,11.0212025342065
"173","1884_075_Vis3AN_Home3A",155,1,475,786,0.55,0.65,1.5,4824.625,11.7204,117.0864,4824.125,-47.7408,79.41,4820.575,54.1269,74.208,4820.425,-13.1982,119.1711,13.5328313227499,4.05000000000018,3.69999999999982,15.4902144094264
"174","1884_075_Vis3AN_Home3A",164,1,345,NA,0.5,0.6,1.9,5110.825,10.7913,116.5176,NA,NA,NA,5107.225,54.0711,74.7828,NA,NA,NA,14.0201059571602,3.59999999999945,NA,NA
"175","1884_076_Vis3AN_Home3A",114,0,572,NA,0.5,0.6,1.9,3331.844,10.5417,117.5112,NA,NA,NA,3328.394,54.8403,74.0745,NA,NA,NA,12.9916029164996,3.45000000000027,NA,NA
"176","1884_077_Vis1AU_Home1A",147,0,423,NA,0.495,0.693,1.98,5972.375,11.0091,117.3012,NA,NA,NA,5968.118,55.8888,71.8233,NA,NA,NA,10.5706459750575,4.25699999999961,NA,NA
"177","1884_077_Vis1AU_Home1A",174,1,959,NA,0.561,0.66,2.079,7045.738,11.9658,117.9729,NA,NA,NA,7041.382,55.8339,73.0551,NA,NA,NA,11.5824856235611,4.35600000000068,NA,NA
"178","1884_077_Vis1AU_Home1A",202,1,626,NA,0.495,0.627,1.947,8117.876,11.0688,116.8005,NA,NA,NA,8113.355,56.6604,75.8694,NA,NA,NA,13.5867541568985,4.52100000000064,NA,NA
"179","1884_077_Vis3AO_Home3A",15,0,5207,NA,0.5,0.7,1.95,316.59,10.8291,118.1769,NA,NA,NA,313.09,56.175,72.2895,NA,NA,NA,10.7628005300665,3.5,NA,NA
"180","1884_077_Vis3AO_Home3A",71,0,NA,651,0.45,0.75,1.5,NA,NA,NA,2202.34,-47.5764,79.0008,NA,NA,NA,2198.44,-9.4845,118.7082,NA,NA,3.90000000000009,12.784032833578
"181","1884_077_Vis3AO_Home3A",173,0,5207,NA,0.5,0.5,1.4,NA,NA,NA,NA,NA,NA,5736.04,53.4873,75.5913,NA,NA,NA,15.0170158480305,NA,NA,NA
"182","1884_078_Vis3AO_Home3A",57,1,345,NA,0.45,0.7,2.05,1596.328,10.3419,117.3486,NA,NA,NA,1592.628,54.534,74.0964,NA,NA,NA,13.1937264243276,3.70000000000005,NA,NA
"183","1884_078_Vis3AO_Home3A",63,1,NA,345,0.5,0.55,1.5,NA,NA,NA,1771.228,-47.8359,78.4884,NA,NA,NA,1767.328,-10.05,117.9201,NA,NA,3.90000000000009,13.7335438984262
"184","1884_078_Vis3AO_Home3A",101,1,786,NA,0.5,0.8,2.1,2943.578,10.0671,115.6044,NA,NA,NA,2939.578,55.3335,71.4186,NA,NA,NA,10.6310103099376,4,NA,NA
"185","1884_078_Vis3AO_Home3A",168,1,9235,5207,0.5,0.6,1.9,4956.028,11.6346,117.6696,NA,NA,NA,4953.178,55.3539,72.5337,NA,NA,NA,11.4592504510548,2.85000000000036,NA,NA
"186","1884_079_Vis3AO_Home3A",134,0,7252,8790,0.5,0.55,1.85,NA,NA,NA,NA,NA,NA,3737.309,57.2223,77.7846,3738.059,-12.51,116.2551,15.1252986234983,NA,NA,16.6747869554606
"187","1884_079_Vis3AO_Home3A",197,1,7252,NA,0.45,0.55,1.8,5662.209,12.0105,117.7371,NA,NA,NA,5658.359,55.4061,73.2816,NA,NA,NA,12.0177074257114,3.84999999999945,NA,NA
"188","1884_079_Vis3AO_Home3A",233,1,8790,NA,0.55,0.65,1.9,6772.609,10.7838,117.5928,NA,NA,NA,6769.009,55.1718,71.7807,NA,NA,NA,11.0069261708253,3.60000000000036,NA,NA
"189","1884_079_Vis4AV_Home4A",51,0,7219,NA,0.45,0.75,2,1611.066,8.3046,122.1534,NA,NA,NA,1606.266,56.6742,70.9686,NA,NA,NA,9.41205883959508,4.79999999999995,NA,NA
"190","1884_080.5_Vis4AV_Home4A",61,1,337,NA,0.45,0.65,1.95,1833.141,10.5021,119.94,NA,NA,NA,1829.691,56.1273,74.9193,NA,NA,NA,12.9946121827471,3.45000000000005,NA,NA
"191","1884_080.5_Vis4AV_Home4A",163,0,8254,NA,0.5,0.7,1.9,5252.841,11.6967,118.4997,NA,NA,NA,5248.891,56.4609,72.18,NA,NA,NA,10.5059499718017,3.95000000000073,NA,NA
"192","1884_082_Vis2AO_Home2A",69,0,565,NA,0.45,0.8,2.05,1941.043,10.5225,117.6258,NA,NA,NA,1937.193,56.1825,72.4206,NA,NA,NA,10.8640205545645,3.84999999999991,NA,NA
"193","1884_085_Vis3AP_Home3A",132,1,345,NA,0.5,0.9,2.2,4241.309,10.4367,117.117,NA,NA,NA,4237.609,55.0965,73.5429,NA,NA,NA,12.4125017889223,3.69999999999982,NA,NA
"194","1884_086_Vis3AP_Home3A",12,0,2667,NA,0.5,0.55,1.85,342.488,11.0808,117.417,NA,NA,NA,338.238,55.2828,72.2823,NA,NA,NA,11.3109892197809,4.25,NA,NA
"195","1884_086_Vis3AP_Home3A",23,0,6071,NA,0.5,0.5,1.45,NA,NA,NA,NA,NA,NA,646.438,55.9032,72.4917,NA,NA,NA,11.0874817307628,NA,NA,NA
"196","1884_086_Vis3AP_Home3A",57,0,NA,4343,0.5,0.65,2.05,NA,NA,NA,NA,NA,NA,NA,NA,NA,1730.688,-10.2465,122.1522,NA,NA,NA,11.4579708103137
"197","1884_086_Vis4AW_Home4A",215,1,337,NA,0.45,0.65,1.85,7229.707,12.0198,117.6414,NA,NA,NA,7227.107,55.9908,74.2842,NA,NA,NA,12.518648101133,2.60000000000036,NA,NA
"198","1884_087_Vis3AP_Home3A",70,0,345,NA,0.55,0.6,1.9,2406.246,9.8925,116.2869,NA,NA,NA,2401.546,55.143,72.7275,NA,NA,NA,11.7427264828063,4.70000000000027,NA,NA
"199","1884_087_Vis3AP_Home3A",192,1,9957,NA,0.5,0.7,2,6710.246,10.0701,117.2802,NA,NA,NA,6707.446,56.2503,73.2348,NA,NA,NA,11.4945765093804,2.80000000000018,NA,NA
"200","1884_087_Vis4AW_Home4A",69,0,5425,2778,0.5,0.65,1.75,NA,NA,NA,2192.062,-53.8578,74.8326,2186.512,57.7797,76.8651,2186.812,-14.3436,122.0955,14.0693336764752,NA,5.25,15.2518163249496
"201","1884_089_Vis2AP_Home2A",129,0,408,NA,0.45,1.3,2.6,3427.047,11.7936,117.4611,NA,NA,NA,3422.297,56.4987,71.7525,NA,NA,NA,10.1387802984383,4.75,NA,NA
"202","1884_091_Vis1AV_Home1A",109,0,626,753,0.45,0.75,1.65,NA,NA,NA,3819.224,-46.929,78.1965,3816.124,57.1122,78.1896,3815.974,-13.7571,122.2302,15.543091616535,NA,3.25,14.6546334123375
"203","1884_092.5_Vis2AP_Home2A",163,1,993,NA,0.5,0.65,1.8,4903.791,10.6146,117.4452,NA,NA,NA,4900.291,55.056,73.3179,NA,NA,NA,12.258561269986,3.5,NA,NA
"204","1884_092_Vis4AX_Home4A",244,0,7758,NA,0.5,0.6,1.8,8572.961,11.4291,117.0408,NA,NA,NA,8569.311,55.2519,71.7411,NA,NA,NA,10.9237754837785,3.64999999999964,NA,NA
"205","1884_093_Vis1AV_Home1A",58,0,435,NA,0.5,0.55,1.95,1919.665,10.8957,116.4003,NA,NA,NA,1916.015,54.7806,72.3138,NA,NA,NA,11.6647094605909,3.64999999999986,NA,NA
"206","1884_093_Vis1AV_Home1A",90,0,626,NA,0.55,0.6,1.85,2963.365,11.127,116.4756,NA,NA,NA,2959.715,56.6634,72.3525,NA,NA,NA,10.5315626480594,3.64999999999964,NA,NA
"207","1884_093_Vis4AX_Home4A",54,1,868,NA,0.5,0.65,2,1728.798,11.646,117.8319,NA,NA,NA,1724.598,56.6607,74.4726,NA,NA,NA,12.3443645138176,4.20000000000005,NA,NA
"208","1884_093_Vis4AX_Home4A",110,0,337,624,0.55,0.7,2.05,NA,NA,NA,NA,NA,NA,3713.76,58.5822,77.2179,3713.06,-11.4279,118.2816,14.154213974997,NA,NA,14.5453807433838
"209","1884_094_Vis1AW_Home1A",60,0,2347,6644,0.5,0.65,1.85,NA,NA,NA,NA,NA,NA,2110.605,55.2129,73.7061,2110.805,-13.6803,122.616,12.4739942127612,NA,NA,14.4534945286598
"210","1884_094_Vis1AW_Home1A",223,0,626,NA,0.5,0.8,2.05,8185.491,10.6023,116.5947,NA,NA,NA,8181.691,57.2994,72.0057,NA,NA,NA,9.89291023157494,3.80000000000018,NA,NA
"211","1884_096_Vis1AW_Home1A",166,0,4923,NA,0.495,0.693,1.881,6326.377,11.6631,118.2957,NA,NA,NA,6323.44,55.3344,72.6129,NA,NA,NA,11.5330678386108,2.93700000000081,NA,NA
"212","1884_096_Vis1AW_Home1A",227,1,753,NA,0.462,0.561,1.914,8761.098,10.3824,116.9661,NA,NA,NA,8758.458,53.8986,72.9801,NA,NA,NA,12.7516341686076,2.63999999999942,NA,NA
"213","1884_099_Vis3AQ_Home3A",205,1,9680,NA,0.6,0.8,2.05,6161.491,10.6716,117.0009,NA,NA,NA,6158.841,55.7952,74.0067,NA,NA,NA,12.3895915965781,2.64999999999964,NA,NA
"214","1884_099_Vis3AQ_Home3A",244,1,6485,NA,0.45,0.65,1.95,7551.741,11.1924,117.249,NA,NA,NA,7548.041,57.2025,73.0371,NA,NA,NA,10.8269568513041,3.69999999999982,NA,NA
"215","1884_100_Vis3AQ_Home3A",126,0,786,NA,0.45,0.7,1.95,3881.456,9.8517,115.8669,NA,NA,NA,3876.956,55.629,70.1496,NA,NA,NA,9.52319763314823,4.5,NA,NA
"216","1884_101_Vis3AQ_Home3A",8,1,3844,NA,0.55,2.1,2.7,178.925,12.0009,118.1724,NA,NA,NA,174.825,55.0899,73.443,NA,NA,NA,12.3369529062082,4.10000000000002,NA,NA
"217","1884_102_Vis4AY_Home4A",212,0,NA,6815,0.45,0.65,1.85,NA,NA,NA,NA,NA,NA,NA,NA,NA,6679.898,-18.6447,120.5286,NA,NA,NA,19.8294286364988
"218","1884_103_Vis1AX_Home1A",156,0,2558,6074,0.45,0.65,1.95,NA,NA,NA,NA,NA,NA,5275.806,55.5567,77.1225,5276.056,-14.8713,121.1475,15.2021231786879,NA,NA,16.0861157505471
"219","1884_104_Vis1AX_Home1A",199,1,8685,NA,0.55,0.8,1.95,8139.728,10.9227,117.8028,NA,NA,NA,8135.278,53.9958,74.4252,NA,NA,NA,13.7843762528451,4.44999999999982,NA,NA
"220","1884_105_Vis1AX_Home1A",18,1,NA,753,0.6,0.7,1.6,NA,NA,NA,710.969,-47.2335,78.8418,NA,NA,NA,706.719,-9.6831,116.8194,NA,NA,4.25,14.2543529481348
"221","1884_105_Vis1AX_Home1A",24,1,963,NA,0.5,0.7,2,868.019,10.5969,116.6799,NA,NA,NA,863.769,55.6836,73.1976,NA,NA,NA,11.7859259593805,4.25,NA,NA
"222","1884_105_Vis1AX_Home1A",121,0,3723,NA,0.55,0.7,1.95,4434.269,10.8597,117.7833,NA,NA,NA,4430.469,56.7363,73.143,NA,NA,NA,11.1559777110749,3.80000000000018,NA,NA
"223","1884_105_Vis4AZ_Home4A",14,0,NA,3549,0.45,0.55,1.4,NA,NA,NA,339.326,-49.8369,78.8388,NA,NA,NA,335.476,-11.6886,119.0175,NA,NA,3.85000000000002,14.3140586910212
"224","1884_105_Vis4AZ_Home4A",37,1,NA,638,0.45,2.5,3.05,NA,NA,NA,1079.026,-54.4818,74.2104,NA,NA,NA,1072.476,-15.0423,124.4358,NA,NA,6.54999999999995,15.3088295741379
"225","1884_105_Vis4AZ_Home4A",183,0,4151,7094,0.5,0.65,1.8,NA,NA,NA,NA,NA,NA,6036.479,55.4451,73.4346,6036.929,-8.4057,119.5338,12.1177963000704,NA,NA,11.430634581247
"226","1884_105_Vis4AZ_Home4A",196,1,3549,NA,0.55,0.75,1.9,6535.279,10.3872,117.342,NA,NA,NA,6530.829,56.1021,73.3374,NA,NA,NA,11.6620219160315,4.45000000000073,NA,NA
"227","1884_105_Vis4AZ_Home4A",291,0,6203,NA,0.45,0.7,1.9,10039.579,11.9133,117.6918,NA,NA,NA,10035.829,57.0408,71.1441,NA,NA,NA,9.32707100058748,3.75,NA,NA
"228","1884_107_Vis1AY_Home1A",71,1,753,NA,0.561,0.627,1.914,2597.26,10.2189,115.9542,NA,NA,NA,2592.211,54.1512,72.3609,NA,NA,NA,12.1284280205639,5.04900000000043,NA,NA
"229","1884_107_Vis1AY_Home1A",88,1,630,NA,0.495,0.627,2.013,3164.497,10.6824,117.1242,NA,NA,NA,3160.042,55.233,71.4294,NA,NA,NA,10.7076216481532,4.45499999999993,NA,NA
"230","1884_107_Vis3AR_Home3A",33,0,5035,NA,0.5,0.6,1.85,1301.184,12.1137,118.1037,NA,NA,NA,1298.184,56.031,73.131,NA,NA,NA,11.5311960351041,3,NA,NA
"231","1884_107_Vis3AR_Home3A",146,0,4322,NA,0.5,0.6,1.8,4978.034,6.2541,124.2492,NA,NA,NA,4975.184,55.1745,75.2208,NA,NA,NA,13.7461397814077,2.84999999999945,NA,NA
"232","1884_107_Vis3AR_Home3A",228,1,334,NA,0.45,0.65,1.85,7845.134,10.7415,117.4521,NA,NA,NA,7840.434,56.0856,73.5216,NA,NA,NA,11.8246881531819,4.69999999999982,NA,NA
"233","1884_107_Vis3AR_Home3A",251,1,702,345,0.5,0.75,1.55,NA,NA,NA,8878.734,-47.3805,78.9573,8875.334,56.4438,73.0704,8875.284,-9.5118,118.6572,11.2510174917649,NA,3.45000000000073,12.8384975398214
"234","1884_108_Vis1AY_Home1A",55,0,5215,NA,0.5,0.7,1.85,1959.503,10.9827,117.1932,NA,NA,NA,1955.403,57.6165,72.0504,NA,NA,NA,9.76581591112591,4.09999999999991,NA,NA
"235","1884_108_Vis1AY_Home1A",133,0,NA,435,0.5,1.35,2.75,NA,NA,NA,NA,NA,NA,NA,NA,NA,4741.753,-13.5822,121.0416,NA,NA,NA,14.9463638186684
"236","1884_108_Vis3AR_Home3A",172,0,345,NA,0.5,0.65,1.9,5584.327,10.4436,116.3874,NA,NA,NA,5580.627,54.7857,73.0017,NA,NA,NA,12.1816476463572,3.69999999999982,NA,NA
"237","1884_108_Vis3AR_Home3A",187,1,547,NA,0.5,1.35,2.05,6244.077,9.8802,116.7546,NA,NA,NA,6239.277,56.0916,72.2232,NA,NA,NA,10.7596773557575,4.80000000000018,NA,NA
"238","1884_109.5_Vis2AR_Home2A",119,0,513,NA,0.5,0.75,1.95,4163.368,11.4459,117.9594,NA,NA,NA,4159.668,54.9708,72.4329,NA,NA,NA,11.6281991318518,3.70000000000073,NA,NA
"239","1884_109_Vis1AY_Home1A",75,0,NA,753,0.495,1.881,2.838,NA,NA,NA,2816.119,-57.1494,71.4648,NA,NA,NA,2809.222,-13.2648,123.642,NA,NA,6.89699999999993,13.7546342386848
"240","1884_109_Vis1AY_Home1A",200,0,NA,2898,0.462,0.99,2.244,NA,NA,NA,NA,NA,NA,NA,NA,NA,7835.325,-12.5871,117.6678,NA,NA,NA,15.8375968899957
"241","1884_109_Vis3AR_Home3A",34,0,702,NA,0.5,1.85,3.2,1149.84,12.438,117.8886,NA,NA,NA,1146.09,57.5499,74.1228,NA,NA,NA,11.6271665443478,3.75,NA,NA
"242","1884_109_Vis3AR_Home3A",210,1,572,NA,0.5,1.3,2.55,10588.24,10.4199,117.5847,NA,NA,NA,10583.94,55.9224,72.9084,NA,NA,NA,11.411699098732,4.29999999999927,NA,NA
"243","1884_109_Vis3AR_Home3A",291,1,4322,NA,0.5,0.65,2,13635.99,8.1834,122.34,NA,NA,NA,13632.34,57.2118,75.4653,NA,NA,NA,12.9867352067408,3.64999999999964,NA,NA
"244","1884_112_Vis1AZ_Home1A",27,1,626,NA,0.55,0.65,1.95,840.816,10.6305,117.6141,NA,NA,NA,837.066,56.7255,72.537,NA,NA,NA,10.6504356366301,3.75,NA,NA
"245","1884_112_Vis1AZ_Home1A",36,0,959,NA,0.55,0.65,2,1189.866,2.8797,127.6362,NA,NA,NA,1185.666,55.5981,73.2222,NA,NA,NA,11.8560315641449,4.20000000000005,NA,NA
"246","1884_112_Vis1AZ_Home1A",51,0,9496,NA,0.45,0.75,2,1740.066,11.0424,117.2244,NA,NA,NA,1736.316,55.4031,73.2003,NA,NA,NA,11.9543811926841,3.75,NA,NA
"247","1884_113_Vis1AZ_Home1A",35,0,598,NA,0.462,0.693,2.013,1319.338,9.9054,115.7802,NA,NA,NA,1314.289,53.3037,66.5529,NA,NA,NA,9.72289710425858,5.04899999999998,NA,NA
"248","1884_114_Vis1AZ_Home1A",278,1,838,NA,0.495,0.693,1.98,10140.042,11.0073,117.3192,NA,NA,NA,10136.148,55.2819,71.982,NA,NA,NA,11.0838272997192,3.89400000000023,NA,NA
"249","1884_114_Vis2AS_Home2A",64,1,495,NA,0.5,0.65,2,1704.36,4.3026,125.8884,NA,NA,NA,1700.21,55.7352,72.0999,NA,NA,NA,10.8821502953231,4.14999999999986,NA,NA
"250","1884_114_Vis2AS_Home2A",139,0,7950,NA,0.45,0.65,1.85,3958.36,10.9233,117.2511,NA,NA,NA,3953.91,53.4051,72.5574,NA,NA,NA,12.7944836851668,4.45000000000027,NA,NA
"251","1884_114_Vis2AS_Home2A",187,1,798,NA,0.55,1.95,3.15,5652.11,11.1315,116.5779,NA,NA,NA,5646.66,55.1874,72.1482,NA,NA,NA,11.271202331606,5.44999999999982,NA,NA
"252","1884_115_Vis2AS_Home2A",137,0,753,NA,0.55,0.75,2,4316.816,10.0833,117.465,NA,NA,NA,4313.266,55.0689,71.4495,NA,NA,NA,10.835354791607,3.55000000000018,NA,NA
"253","1884_117_Vis2AT_Home2A",170,0,537,NA,0.55,2.15,3.25,4904.091,11.6712,118.0008,NA,NA,NA,4899.041,56.6946,71.8029,NA,NA,NA,10.063342862588,5.05000000000018,NA,NA
"254","1884_117_Vis3AS_Home3A",58,0,6990,NA,0.45,8.45,8.65,1909.757,7.0311,123.2091,NA,NA,NA,1903.057,56.7042,72.1836,NA,NA,NA,10.3690947820916,6.70000000000005,NA,NA
"255","1884_117_Vis3AS_Home3A",156,0,5201,NA,0.5,0.65,1.8,4777.157,11.3832,118.3704,NA,NA,NA,4773.557,55.5297,71.13,NA,NA,NA,10.2862447030002,3.60000000000036,NA,NA
"256","1884_117_Vis4BA_Home4A",21,1,NA,5830,0.45,0.65,1.5,NA,NA,NA,591.396,-53.5437,75.108,NA,NA,NA,587.846,-10.6698,121.4499,NA,NA,3.54999999999995,12.1587292942149
"257","1884_118_Vis1BA_Home1A",18,0,7344,4622,0.5,0.65,1.55,NA,NA,NA,497.571,-50.1036,78.5007,494.571,53.9256,74.0571,493.221,-15.7356,120.9057,13.543065080328,NA,4.35000000000002,16.9776561353445
"258","1884_118_Vis1BA_Home1A",33,1,626,NA,0.55,0.75,2,973.321,11.2866,117.372,NA,NA,NA,969.671,56.4873,72.6978,NA,NA,NA,10.9162600798076,3.64999999999998,NA,NA
"259","1884_118_Vis1BA_Home1A",236,1,7193,NA,0.55,0.9,2.1,8513.171,11.7558,117.7161,NA,NA,NA,8508.621,56.2893,71.5053,NA,NA,NA,10.0715366543542,4.55000000000109,NA,NA
"260","1884_118_Vis3AS_Home3A",69,1,5201,2153,0.45,0.7,1.55,2203.937,10.5546,117.2469,2202.937,-49.4142,79.1919,2201.437,52.4169,74.6841,2200.137,-12.801,115.9848,15.0086890306915,2.5,2.79999999999973,17.0718231024106
"261","1884_118_Vis3AS_Home3A",135,1,5201,NA,0.55,0.7,1.9,4281.055,11.6778,117.2928,NA,NA,NA,4277.505,55.3284,71.9856,NA,NA,NA,11.0559821779885,3.55000000000018,NA,NA
"262","1884_118_Vis3AS_Home3A",145,0,345,NA,0.5,0.6,1.85,4649.505,11.2269,117.105,NA,NA,NA,4646.855,53.5254,74.2773,NA,NA,NA,13.9691779446752,2.65000000000055,NA,NA
"263","1884_118_Vis4BB_Home4A",87,1,502,835,0.45,0.6,1.5,NA,NA,NA,2914.199,-58.7127,69.9783,2908.949,57.1365,76.0182,2909.849,-12.4881,118.6458,13.522260443062,NA,4.34999999999991,15.1822940048597
"264","1884_118_Vis4BB_Home4A",248,0,6378,NA,0.5,1.8,3,NA,NA,NA,NA,NA,NA,8975.549,57.5496,73.9242,NA,NA,NA,11.4485673252158,NA,NA,NA
"265","1884_119_Vis4BB_Home4A",205,1,NA,5014,0.5,2.7,3.25,NA,NA,NA,6877.463,-48.7077,79.1016,NA,NA,NA,6872.013,-12.6861,119.343,NA,NA,5.44999999999982,14.9643944819027
"266","1884_120_Vis2AT_Home2A",94,0,NA,5255,0.462,1.353,2.079,NA,NA,NA,3363.609,-57.2154,71.511,NA,NA,NA,3357.9,-16.1712,124.9719,NA,NA,5.70899999999983,16.3350860129355
"267","1884_122_Vis2AU_Home2A",44,1,615,513,0.6,0.65,1.5,NA,NA,NA,1319.477,-57.798,70.6155,1314.527,54.8391,74.2806,1315.727,-11.3544,117.8691,13.1584156025716,NA,3.75,14.74745531168
"268","1884_122_Vis2AU_Home2A",88,NA,NA,NA,0.45,0.7,1.9,NA,NA,NA,NA,NA,NA,NA,NA,NA,NA,NA,NA,NA,NA,NA,NA
"269","1884_122_Vis2AU_Home2A",151,1,6235,NA,0.45,1.1,2.4,4701.319,11.4855,118.2786,NA,NA,NA,4696.919,57.6297,70.9137,NA,NA,NA,8.7984192773475,4.40000000000055,NA,NA
"270","1884_123_Vis3AT_Home3A",107,1,993,NA,0.55,0.65,1.8,3215.207,10.3506,117.4599,NA,NA,NA,3211.657,55.1643,72.8277,NA,NA,NA,11.8070503420626,3.54999999999973,NA,NA
"271","1884_123_Vis3AT_Home3A",250,0,786,NA,0.55,0.75,1.8,8560.862,10.5297,116.0781,NA,NA,NA,8555.862,55.5036,71.6433,NA,NA,NA,10.683082319724,5,NA,NA
"272","1884_124_Vis3AT_Home3A",72,0,492,NA,0.55,0.6,1.8,2471.965,10.4532,117.132,NA,NA,NA,2468.115,56.3436,71.5203,NA,NA,NA,10.0494682968802,3.85000000000036,NA,NA
"273","1884_126_Vis4BC_Home4A",55,0,NA,702,0.5,1.85,2.55,NA,NA,NA,1592.476,-59.4711,69.2121,NA,NA,NA,1585.326,-12.4728,121.8717,NA,NA,7.15000000000009,13.5948684704928
"274","1884_128_Vis1BB_Home1A",30,1,8708,NA,0.55,0.65,1.85,1127.058,9.9543,116.2137,NA,NA,NA,1123.558,55.074,74.2587,NA,NA,NA,13.0037235317427,3.5,NA,NA
"275","1884_128_Vis3AU_Home3A",70,0,2761,NA,0.55,0.7,1.9,2229.464,11.6268,118.0266,NA,NA,NA,2226.714,54.7377,73.6407,NA,NA,NA,12.708881531433,2.75,NA,NA
"276","1884_129_Vis1BB_Home1A",136,1,423,NA,0.5,0.8,2.05,4507.981,10.38,116.1903,NA,NA,NA,4504.331,54.8934,72.4101,NA,NA,NA,11.6618383443606,3.64999999999964,NA,NA
"277","1884_130_Vis1BB_Home1A",41,0,630,NA,0.528,0.627,1.782,1351.734,10.8603,116.9817,NA,NA,NA,1347.048,56.1435,71.5023,NA,NA,NA,10.1609199160312,4.68599999999992,NA,NA
"278","1884_130_Vis3AU_Home3A",29,0,NA,345,0.45,0.75,1.95,NA,NA,NA,NA,NA,NA,NA,NA,NA,878.267,-10.2225,117.3153,NA,NA,NA,14.2756699436489
"279","1884_130_Vis3AU_Home3A",79,1,651,NA,0.55,0.75,2.05,2593.292,10.7241,117.0825,NA,NA,NA,2590.592,55.335,72.8229,NA,NA,NA,11.6968233897071,2.69999999999982,NA,NA
"280","1884_130_Vis3AU_Home3A",122,0,786,NA,0.45,0.6,1.9,4124.534,10.1394,115.7229,NA,NA,NA,4120.884,54.6216,72.423,NA,NA,NA,11.8523086173116,3.64999999999964,NA,NA
"281","1884_130_Vis3AU_Home3A",159,0,2761,NA,0.45,0.65,1.8,5164.634,11.9625,117.6258,NA,NA,NA,5161.984,54.8196,74.1231,NA,NA,NA,13.0429748819048,2.64999999999964,NA,NA
"282","1884_130_Vis3AU_Home3A",183,1,NA,475,0.45,0.7,1.6,NA,NA,NA,6036.384,-48.4953,79.5654,NA,NA,NA,6032.584,-10.5513,117.9483,NA,NA,3.80000000000018,14.0858282177513
"283","1884_130_Vis3AU_Home3A",242,1,345,651,0.5,0.75,1.6,8200.434,9.9777,116.922,8199.484,-47.8335,78.8613,8196.134,52.5333,75.7746,8196.334,-11.4141,116.6235,15.7538788255464,4.29999999999927,3.14999999999964,15.6154625631135
"284","1884_131_Vis1BB_Home1A",7,0,3103,NA,0.561,0.66,1.881,203.705,11.3088,117.1665,NA,NA,NA,199.052,57.0369,71.8386,NA,NA,NA,9.89661556139269,4.65300000000002,NA,NA
"285","1884_131_Vis1BB_Home1A",258,0,NA,3140,0.462,0.561,1.815,NA,NA,NA,NA,NA,NA,NA,NA,NA,NA,NA,NA,NA,NA,NA,NA
"286","1884_131_Vis2AV_Home2A",179,1,615,NA,0.5,0.65,1.9,5972.757,9.822,115.7991,NA,NA,NA,5969.107,56.5389,72.1113,NA,NA,NA,10.4047014805808,3.64999999999964,NA,NA
"287","1884_132_Vis2AV_Home2A",25,0,495,NA,0.5,0.8,2,826.74,10.8222,117.9795,NA,NA,NA,823.04,56.0613,71.8824,NA,NA,NA,10.5085968354486,3.70000000000005,NA,NA
"288","1884_134.5_Vis2AW_Home2A",38,1,615,495,0.55,0.95,2.25,1087.227,10.5825,116.2002,1086.227,-48.3213,79.2606,1082.727,53.8461,75.9306,1082.927,-12.6636,119.1693,15.0777935245844,4.5,3.30000000000018,15.038291773004
"289","1884_134_Vis4BD_Home4A",73,1,3527,NA,0.45,1.35,2.7,2561.634,10.7271,116.1069,NA,NA,NA,2557.634,55.9584,72.5853,NA,NA,NA,11.1294195109179,4,NA,NA
"290","1884_135_Vis1BC_Home1A",135,0,8250,NA,0.45,0.65,1.9,4785.718,10.8189,117.4008,NA,NA,NA,4781.668,54.8028,72.2109,NA,NA,NA,11.5734682204601,4.05000000000018,NA,NA
"291","1884_135_Vis2AW_Home2A",36,1,615,NA,0.55,0.85,2.05,1059.3,10.3482,115.8408,NA,NA,NA,1055.6,56.6979,73.233,NA,NA,NA,11.252766300337,3.70000000000005,NA,NA
"292","1884_136_Vis1BC_Home1A",69,1,4394,8728,0.45,0.7,1.55,NA,NA,NA,2370.89,-48.5802,79.6401,2367.94,54.3546,81.4977,2367.04,-10.5417,118.3959,19.6609932213507,NA,3.84999999999991,13.7860317604451
"293","1884_136_Vis1BC_Home1A",86,1,626,838,0.55,0.9,1.8,3086.24,11.4762,116.8572,3085.24,-48.2121,78.1653,3080.74,53.9253,78.9975,3082.04,-10.0872,116.2641,17.628290851356,5.5,3.19999999999982,14.936587851648
"294","1884_136_Vis1BC_Home1A",167,0,4716,NA,0.5,0.7,1.8,6576.832,10.5174,116.9937,NA,NA,NA,6573.032,55.8285,73.0266,NA,NA,NA,11.5624829431226,3.80000000000018,NA,NA
"295","1884_136_Vis4BD_Home4A",14,0,7014,NA,0.45,0.75,1.6,NA,NA,NA,NA,NA,NA,355.948,56.9154,72.4965,NA,NA,NA,10.513100656324,NA,NA,NA
"296","1884_136_Vis4BD_Home4A",267,1,NA,3019,0.5,2.3,3.3,NA,NA,NA,8769.398,-52.035,76.6302,NA,NA,NA,8762.798,-13.4787,120.8952,NA,NA,6.59999999999854,14.9144569036221
"297","1884_137_Vis1BC_Home1A",72,0,959,NA,0.561,0.66,1.881,2934.717,11.6505,117.7026,NA,NA,NA,2929.701,54.9318,72.3357,NA,NA,NA,11.58059418726,5.01600000000008,NA,NA
"298","1884_138_Vis3AV_Home3A",90,1,786,NA,0.5,0.65,2,2852.188,9.7125,116.4108,NA,NA,NA,2848.188,56.7435,70.0581,NA,NA,NA,8.67506425682254,4,NA,NA
"299","1884_139_Vis3AV_Home3A",181,1,NA,544,0.5,0.7,1.55,NA,NA,NA,6954.782,-48.39,79.7664,NA,NA,NA,6950.982,-11.9679,119.7714,NA,NA,3.80000000000018,14.1283298506936
"300","1884_142_Vis4BE_Home4A",97,1,9988,NA,0.5,0.65,2,3455.509,10.9563,118.1754,NA,NA,NA,3453.459,47.5287,82.1769,NA,NA,NA,23.8779876308704,2.05000000000018,NA,NA
"301","1884_143_Vis4BE_Home4A",251,1,861,NA,0.45,0.55,1.8,NA,NA,NA,NA,NA,NA,8603.1,53.3829,82.1505,NA,NA,NA,20.6694281164235,NA,NA,NA
